mes,empresa,tipo_de_servicio,tipo_de_producto,origen,destino,precio
2022-11,iryo,comercial,ld av,madrid,barcelona,45.73
2022-11,ouigo,comercial,ld av,madrid,barcelona,40.85
2022-11,ouigo,comercial,ld av,madrid,valencia/valencia,25.08
2022-11,renfe-ave,comercial,ld av,madrid,alicante/alacant,48.73
2022-11,renfe-ave,comercial,ld av,madrid,barcelona,78.78
2022-11,renfe-ave,comercial,ld av,madrid,malaga,67.77
2022-11,renfe-ave,comercial,ld av,madrid,sevilla,66.82
2022-11,renfe-ave,comercial,ld av,madrid,valencia/valencia,55.16
2022-11,renfe-avlo,comercial,ld av,madrid,barcelona,49.31
2022-11,renfe-avlo,comercial,ld av,madrid,valencia/valencia,30.23
2022-12,iryo,comercial,ld av,madrid,barcelona,46.94
2022-12,iryo,comercial,ld av,madrid,valencia/valencia,25.84
2022-12,ouigo,comercial,ld av,madrid,barcelona,46.24
2022-12,ouigo,comercial,ld av,madrid,valencia/valencia,231.0
2022-12,renfe-ave,comercial,ld av,madrid,alicante/alacant,54.36
2022-12,renfe-ave,comercial,ld av,madrid,barcelona,80.63
2022-12,renfe-ave,comercial,ld av,madrid,malaga,73.07
2022-12,renfe-ave,comercial,ld av,madrid,sevilla,70.31
2022-12,renfe-ave,comercial,ld av,madrid,valencia/valencia,49.78
2022-12,renfe-avlo,comercial,ld av,madrid,barcelona,53.96
2022-12,renfe-avlo,comercial,ld av,madrid,valencia/valencia,26.83
2023-01,iryo,comercial,ld av,madrid,barcelona,30.52
2023-01,iryo,comercial,ld av,madrid,valencia/valencia,20.77
2023-01,ouigo,comercial,ld av,madrid,barcelona,30.49
2023-01,ouigo,comercial,ld av,madrid,valencia/valencia,20.59
2023-01,renfe-ave,comercial,ld av,madrid,alicante/alacant,46.92
2023-01,renfe-ave,comercial,ld av,madrid,barcelona,64.56
2023-01,renfe-ave,comercial,ld av,madrid,malaga,57.67
2023-01,renfe-ave,comercial,ld av,madrid,sevilla,58.74
2023-01,renfe-ave,comercial,ld av,madrid,valencia/valencia,378.0
2023-01,renfe-avlo,comercial,ld av,madrid,barcelona,37.06
2023-01,renfe-avlo,comercial,ld av,madrid,valencia/valencia,22.86
2023-02,iryo,comercial,ld av,madrid,barcelona,311.0
2023-02,iryo,comercial,ld av,madrid,valencia/valencia,206.0
2023-02,ouigo,comercial,ld av,madrid,barcelona,31.27
2023-02,ouigo,comercial,ld av,madrid,valencia/valencia,22.85
2023-02,renfe-ave,comercial,ld av,madrid,alicante/alacant,48.69
2023-02,renfe-ave,comercial,ld av,madrid,barcelona,67.23
2023-02,renfe-ave,comercial,ld av,madrid,malaga,61.39
2023-02,renfe-ave,comercial,ld av,madrid,sevilla,62.57
2023-02,renfe-ave,comercial,ld av,madrid,valencia/valencia,34.71
2023-02,renfe-avlo,comercial,ld av,madrid,barcelona,37.46
2023-02,renfe-avlo,comercial,ld av,madrid,valencia/valencia,21.32
2023-03,iryo,comercial,ld av,madrid,barcelona,32.34
2023-03,iryo,comercial,ld av,madrid,malaga,58.45
2023-03,iryo,comercial,ld av,madrid,sevilla,62.41
2023-03,iryo,comercial,ld av,madrid,valencia/valencia,21.02
2023-03,ouigo,comercial,ld av,madrid,barcelona,32.34
2023-03,ouigo,comercial,ld av,madrid,valencia/valencia,23.95
2023-03,renfe-ave,comercial,ld av,madrid,alicante/alacant,52.18
2023-03,renfe-ave,comercial,ld av,madrid,barcelona,64.34
2023-03,renfe-ave,comercial,ld av,madrid,malaga,65.54
2023-03,renfe-ave,comercial,ld av,madrid,sevilla,67.65
2023-03,renfe-ave,comercial,ld av,madrid,valencia/valencia,42.02
2023-03,renfe-avlo,comercial,ld av,madrid,alicante/alacant,28.09
2023-03,renfe-avlo,comercial,ld av,madrid,barcelona,40.02
2023-03,renfe-avlo,comercial,ld av,madrid,valencia/valencia,213.0
2023-04,iryo,comercial,ld av,madrid,barcelona,40.31
2023-04,iryo,comercial,ld av,madrid,malaga,52.77
2023-04,iryo,comercial,ld av,madrid,sevilla,58.25
2023-04,iryo,comercial,ld av,madrid,valencia/valencia,23.46
2023-04,ouigo,comercial,ld av,madrid,alicante/alacant,24.26
2023-04,ouigo,comercial,ld av,madrid,barcelona,39.58
2023-04,ouigo,comercial,ld av,madrid,valencia/valencia,23.74
2023-04,renfe-ave,comercial,ld av,madrid,alicante/alacant,55.17
2023-04,renfe-ave,comercial,ld av,madrid,barcelona,68.46
2023-04,renfe-ave,comercial,ld av,madrid,malaga,681.0
2023-04,renfe-ave,comercial,ld av,madrid,sevilla,75.77
2023-04,renfe-ave,comercial,ld av,madrid,valencia/valencia,38.86
2023-04,renfe-avlo,comercial,ld av,madrid,alicante/alacant,32.76
2023-04,renfe-avlo,comercial,ld av,madrid,barcelona,46.62
2023-04,renfe-avlo,comercial,ld av,madrid,valencia/valencia,23.78
2023-05,iryo,comercial,ld av,madrid,barcelona,44.01
2023-05,iryo,comercial,ld av,madrid,malaga,56.74
2023-05,iryo,comercial,ld av,madrid,sevilla,57.41
2023-05,iryo,comercial,ld av,madrid,valencia/valencia,24.52
2023-05,ouigo,comercial,ld av,madrid,alicante/alacant,183.0
2023-05,ouigo,comercial,ld av,madrid,barcelona,40.31
2023-05,ouigo,comercial,ld av,madrid,valencia/valencia,21.92
2023-05,renfe-ave,comercial,ld av,madrid,alicante/alacant,52.82
2023-05,renfe-ave,comercial,ld av,madrid,barcelona,69.19
2023-05,renfe-ave,comercial,ld av,madrid,malaga,71.22
2023-05,renfe-ave,comercial,ld av,madrid,sevilla,748.0
2023-05,renfe-ave,comercial,ld av,madrid,valencia/valencia,40.73
2023-05,renfe-avlo,comercial,ld av,madrid,alicante/alacant,25.03
2023-05,renfe-avlo,comercial,ld av,madrid,barcelona,47.56
2023-05,renfe-avlo,comercial,ld av,madrid,valencia/valencia,241.0
2023-06,iryo,comercial,ld av,madrid,alicante/alacant,29.64
2023-06,iryo,comercial,ld av,madrid,barcelona,45.21
2023-06,iryo,comercial,ld av,madrid,malaga,60.66
2023-06,iryo,comercial,ld av,madrid,sevilla,56.88
2023-06,iryo,comercial,ld av,madrid,valencia/valencia,27.48
2023-06,ouigo,comercial,ld av,madrid,alicante/alacant,20.99
2023-06,ouigo,comercial,ld av,madrid,barcelona,39.94
2023-06,ouigo,comercial,ld av,madrid,valencia/valencia,21.37
2023-06,renfe-ave,comercial,ld av,madrid,alicante/alacant,58.33
2023-06,renfe-ave,comercial,ld av,madrid,barcelona,65.33
2023-06,renfe-ave,comercial,ld av,madrid,malaga,70.65
2023-06,renfe-ave,comercial,ld av,madrid,sevilla,71.61
2023-06,renfe-ave,comercial,ld av,madrid,valencia/valencia,464.0
2023-06,renfe-avlo,comercial,ld av,madrid,alicante/alacant,28.56
2023-06,renfe-avlo,comercial,ld av,madrid,barcelona,46.47
2023-06,renfe-avlo,comercial,ld av,madrid,malaga,57.68
2023-06,renfe-avlo,comercial,ld av,madrid,sevilla,444.0
2023-06,renfe-avlo,comercial,ld av,madrid,valencia/valencia,25.06
2023-07,iryo,comercial,ld av,madrid,alicante/alacant,34.65
2023-07,iryo,comercial,ld av,madrid,barcelona,49.75
2023-07,iryo,comercial,ld av,madrid,malaga,56.95
2023-07,iryo,comercial,ld av,madrid,sevilla,49.72
2023-07,iryo,comercial,ld av,madrid,valencia/valencia,28.39
2023-07,ouigo,comercial,ld av,madrid,alicante/alacant,27.21
2023-07,ouigo,comercial,ld av,madrid,barcelona,44.41
2023-07,ouigo,comercial,ld av,madrid,valencia/valencia,23.21
2023-07,renfe-ave,comercial,ld av,madrid,alicante/alacant,60.48
2023-07,renfe-ave,comercial,ld av,madrid,barcelona,62.22
2023-07,renfe-ave,comercial,ld av,madrid,malaga,70.41
2023-07,renfe-ave,comercial,ld av,madrid,sevilla,617.0
2023-07,renfe-ave,comercial,ld av,madrid,valencia/valencia,44.21
2023-07,renfe-avlo,comercial,ld av,madrid,alicante/alacant,32.62
2023-07,renfe-avlo,comercial,ld av,madrid,barcelona,46.19
2023-07,renfe-avlo,comercial,ld av,madrid,malaga,588.0
2023-07,renfe-avlo,comercial,ld av,madrid,sevilla,385.0
2023-07,renfe-avlo,comercial,ld av,madrid,valencia/valencia,25.46
2023-08,iryo,comercial,ld av,madrid,alicante/alacant,28.99
2023-08,iryo,comercial,ld av,madrid,barcelona,40.62
2023-08,iryo,comercial,ld av,madrid,malaga,52.65
2023-08,iryo,comercial,ld av,madrid,sevilla,38.96
2023-08,iryo,comercial,ld av,madrid,valencia/valencia,22.28
2023-08,ouigo,comercial,ld av,madrid,alicante/alacant,27.44
2023-08,ouigo,comercial,ld av,madrid,barcelona,41.75
2023-08,ouigo,comercial,ld av,madrid,valencia/valencia,22.76
2023-08,renfe-ave,comercial,ld av,madrid,alicante/alacant,57.09
2023-08,renfe-ave,comercial,ld av,madrid,barcelona,55.99
2023-08,renfe-ave,comercial,ld av,madrid,malaga,64.57
2023-08,renfe-ave,comercial,ld av,madrid,sevilla,50.49
2023-08,renfe-ave,comercial,ld av,madrid,valencia/valencia,38.81
2023-08,renfe-avlo,comercial,ld av,madrid,alicante/alacant,29.19
2023-08,renfe-avlo,comercial,ld av,madrid,barcelona,38.93
2023-08,renfe-avlo,comercial,ld av,madrid,malaga,51.95
2023-08,renfe-avlo,comercial,ld av,madrid,sevilla,29.09
2023-08,renfe-avlo,comercial,ld av,madrid,valencia/valencia,23.02
2023-09,iryo,comercial,ld av,madrid,alicante/alacant,25.42
2023-09,iryo,comercial,ld av,madrid,barcelona,39.59
2023-09,iryo,comercial,ld av,madrid,malaga,43.37
2023-09,iryo,comercial,ld av,madrid,sevilla,40.03
2023-09,iryo,comercial,ld av,madrid,valencia/valencia,19.72
2023-09,ouigo,comercial,ld av,madrid,alicante/alacant,225.0
2023-09,ouigo,comercial,ld av,madrid,barcelona,37.51
2023-09,ouigo,comercial,ld av,madrid,valencia/valencia,19.22
2023-09,renfe-ave,comercial,ld av,madrid,alicante/alacant,52.14
2023-09,renfe-ave,comercial,ld av,madrid,barcelona,68.35
2023-09,renfe-ave,comercial,ld av,madrid,malaga,51.44
2023-09,renfe-ave,comercial,ld av,madrid,sevilla,583.0
2023-09,renfe-ave,comercial,ld av,madrid,valencia/valencia,33.59
2023-09,renfe-avlo,comercial,ld av,madrid,alicante/alacant,23.54
2023-09,renfe-avlo,comercial,ld av,madrid,barcelona,40.45
2023-09,renfe-avlo,comercial,ld av,madrid,malaga,45.45
2023-09,renfe-avlo,comercial,ld av,madrid,sevilla,32.96
2023-09,renfe-avlo,comercial,ld av,madrid,valencia/valencia,18.68
2023-10,iryo,comercial,ld av,madrid,alicante/alacant,33.04
2023-10,iryo,comercial,ld av,madrid,barcelona,40.09
2023-10,iryo,comercial,ld av,madrid,malaga,40.03
2023-10,iryo,comercial,ld av,madrid,sevilla,43.54
2023-10,iryo,comercial,ld av,madrid,valencia/valencia,24.15
2023-10,ouigo,comercial,ld av,madrid,alicante/alacant,25.34
2023-10,ouigo,comercial,ld av,madrid,barcelona,37.31
2023-10,ouigo,comercial,ld av,madrid,valencia/valencia,21.66
2023-10,renfe-ave,comercial,ld av,madrid,alicante/alacant,47.51
2023-10,renfe-ave,comercial,ld av,madrid,barcelona,65.02
2023-10,renfe-ave,comercial,ld av,madrid,malaga,51.99
2023-10,renfe-ave,comercial,ld av,madrid,sevilla,59.24
2023-10,renfe-ave,comercial,ld av,madrid,valencia/valencia,35.58
2023-10,renfe-avlo,comercial,ld av,madrid,alicante/alacant,24.29
2023-10,renfe-avlo,comercial,ld av,madrid,barcelona,42.05
2023-10,renfe-avlo,comercial,ld av,madrid,malaga,40.56
2023-10,renfe-avlo,comercial,ld av,madrid,sevilla,34.15
2023-10,renfe-avlo,comercial,ld av,madrid,valencia/valencia,21.84
2023-11,iryo,comercial,ld av,madrid,alicante/alacant,32.27
2023-11,iryo,comercial,ld av,madrid,barcelona,386.0
2023-11,iryo,comercial,ld av,madrid,malaga,38.84
2023-11,iryo,comercial,ld av,madrid,sevilla,42.99
2023-11,iryo,comercial,ld av,madrid,valencia/valencia,23.85
2023-11,ouigo,comercial,ld av,madrid,alicante/alacant,21.88
2023-11,ouigo,comercial,ld av,madrid,barcelona,34.86
2023-11,ouigo,comercial,ld av,madrid,valencia/valencia,21.26
2023-11,renfe-ave,comercial,ld av,madrid,alicante/alacant,41.78
2023-11,renfe-ave,comercial,ld av,madrid,barcelona,612.0
2023-11,renfe-ave,comercial,ld av,madrid,malaga,49.37
2023-11,renfe-ave,comercial,ld av,madrid,sevilla,55.44
2023-11,renfe-ave,comercial,ld av,madrid,valencia/valencia,35.98
2023-11,renfe-avlo,comercial,ld av,madrid,alicante/alacant,22.74
2023-11,renfe-avlo,comercial,ld av,madrid,barcelona,41.19
2023-11,renfe-avlo,comercial,ld av,madrid,malaga,39.28
2023-11,renfe-avlo,comercial,ld av,madrid,sevilla,36.79
2023-11,renfe-avlo,comercial,ld av,madrid,valencia/valencia,209.0
2023-12,iryo,comercial,ld av,madrid,alicante/alacant,32.42
2023-12,iryo,comercial,ld av,madrid,barcelona,50.83
2023-12,iryo,comercial,ld av,madrid,malaga,49.35
2023-12,iryo,comercial,ld av,madrid,sevilla,52.44
2023-12,iryo,comercial,ld av,madrid,valencia/valencia,28.54
2023-12,ouigo,comercial,ld av,madrid,alicante/alacant,30.81
2023-12,ouigo,comercial,ld av,madrid,barcelona,43.13
2023-12,ouigo,comercial,ld av,madrid,valencia/valencia,25.54
2023-12,renfe-ave,comercial,ld av,madrid,alicante/alacant,46.96
2023-12,renfe-ave,comercial,ld av,madrid,barcelona,67.07
2023-12,renfe-ave,comercial,ld av,madrid,malaga,62.05
2023-12,renfe-ave,comercial,ld av,madrid,sevilla,62.53
2023-12,renfe-ave,comercial,ld av,madrid,valencia/valencia,41.39
2023-12,renfe-avlo,comercial,ld av,madrid,alicante/alacant,30.45
2023-12,renfe-avlo,comercial,ld av,madrid,barcelona,50.11
2023-12,renfe-avlo,comercial,ld av,madrid,malaga,49.79
2023-12,renfe-avlo,comercial,ld av,madrid,sevilla,43.02
2023-12,renfe-avlo,comercial,ld av,madrid,valencia/valencia,257.0
2024-01,iryo,comercial,ld av,madrid,alicante/alacant,24.41
2024-01,iryo,comercial,ld av,madrid,barcelona,36.94
2024-01,iryo,comercial,ld av,madrid,malaga,33.67
2024-01,iryo,comercial,ld av,madrid,sevilla,37.39
2024-01,iryo,comercial,ld av,madrid,valencia/valencia,19.99
2024-01,ouigo,comercial,ld av,madrid,alicante/alacant,213.0
2024-01,ouigo,comercial,ld av,madrid,barcelona,29.71
2024-01,ouigo,comercial,ld av,madrid,valencia/valencia,18.01
2024-01,renfe-ave,comercial,ld av,madrid,alicante/alacant,43.86
2024-01,renfe-ave,comercial,ld av,madrid,barcelona,54.94
2024-01,renfe-ave,comercial,ld av,madrid,malaga,44.91
2024-01,renfe-ave,comercial,ld av,madrid,sevilla,45.93
2024-01,renfe-ave,comercial,ld av,madrid,valencia/valencia,35.15
2024-01,renfe-avlo,comercial,ld av,madrid,alicante/alacant,20.24
2024-01,renfe-avlo,comercial,ld av,madrid,barcelona,34.94
2024-01,renfe-avlo,comercial,ld av,madrid,malaga,32.29
2024-01,renfe-avlo,comercial,ld av,madrid,sevilla,30.07
2024-01,renfe-avlo,comercial,ld av,madrid,valencia/valencia,18.47
2024-02,iryo,comercial,ld av,madrid,alicante/alacant,28.79
2024-02,iryo,comercial,ld av,madrid,barcelona,42.18
2024-02,iryo,comercial,ld av,madrid,malaga,37.94
2024-02,iryo,comercial,ld av,madrid,sevilla,43.36
2024-02,iryo,comercial,ld av,madrid,valencia/valencia,205.0
2024-02,ouigo,comercial,ld av,madrid,alicante/alacant,21.22
2024-02,ouigo,comercial,ld av,madrid,barcelona,34.08
2024-02,ouigo,comercial,ld av,madrid,valencia/valencia,18.54
2024-02,renfe-ave,comercial,ld av,madrid,alicante/alacant,41.23
2024-02,renfe-ave,comercial,ld av,madrid,barcelona,65.56
2024-02,renfe-ave,comercial,ld av,madrid,malaga,43.49
2024-02,renfe-ave,comercial,ld av,madrid,sevilla,51.24
2024-02,renfe-ave,comercial,ld av,madrid,valencia/valencia,33.27
2024-02,renfe-avlo,comercial,ld av,madrid,alicante/alacant,20.38
2024-02,renfe-avlo,comercial,ld av,madrid,barcelona,37.95
2024-02,renfe-avlo,comercial,ld av,madrid,malaga,36.37
2024-02,renfe-avlo,comercial,ld av,madrid,sevilla,36.94
2024-02,renfe-avlo,comercial,ld av,madrid,valencia/valencia,18.86
2024-03,iryo,comercial,ld av,madrid,alicante/alacant,33.03
2024-03,iryo,comercial,ld av,madrid,barcelona,48.97
2024-03,iryo,comercial,ld av,madrid,malaga,45.78
2024-03,iryo,comercial,ld av,madrid,sevilla,47.85
2024-03,iryo,comercial,ld av,madrid,valencia/valencia,27.82
2024-03,ouigo,comercial,ld av,madrid,alicante/alacant,26.96
2024-03,ouigo,comercial,ld av,madrid,barcelona,40.07
2024-03,ouigo,comercial,ld av,madrid,valencia/valencia,25.05
2024-03,renfe-ave,comercial,ld av,madrid,alicante/alacant,42.23
2024-03,renfe-ave,comercial,ld av,madrid,barcelona,67.17
2024-03,renfe-ave,comercial,ld av,madrid,malaga,53.41
2024-03,renfe-ave,comercial,ld av,madrid,sevilla,56.21
2024-03,renfe-ave,comercial,ld av,madrid,valencia/valencia,37.52
2024-03,renfe-avlo,comercial,ld av,madrid,alicante/alacant,25.22
2024-03,renfe-avlo,comercial,ld av,madrid,barcelona,44.71
2024-03,renfe-avlo,comercial,ld av,madrid,malaga,47.02
2024-03,renfe-avlo,comercial,ld av,madrid,sevilla,411.0
2024-03,renfe-avlo,comercial,ld av,madrid,valencia/valencia,240.0
2024-04,iryo,comercial,ld av,madrid,alicante/alacant,33.21
2024-04,iryo,comercial,ld av,madrid,barcelona,42.97
2024-04,iryo,comercial,ld av,madrid,malaga,404.0
2024-04,iryo,comercial,ld av,madrid,sevilla,46.65
2024-04,iryo,comercial,ld av,madrid,valencia/valencia,22.87
2024-04,ouigo,comercial,ld av,madrid,alicante/alacant,27.28
2024-04,ouigo,comercial,ld av,madrid,barcelona,36.98
2024-04,ouigo,comercial,ld av,madrid,valencia/valencia,221.0
2024-04,renfe-ave,comercial,ld av,madrid,alicante/alacant,44.12
2024-04,renfe-ave,comercial,ld av,madrid,barcelona,62.99
2024-04,renfe-ave,comercial,ld av,madrid,malaga,49.14
2024-04,renfe-ave,comercial,ld av,madrid,sevilla,58.35
2024-04,renfe-ave,comercial,ld av,madrid,valencia/valencia,36.06
2024-04,renfe-avlo,comercial,ld av,madrid,alicante/alacant,26.91
2024-04,renfe-avlo,comercial,ld av,madrid,barcelona,41.13
2024-04,renfe-avlo,comercial,ld av,madrid,malaga,42.84
2024-04,renfe-avlo,comercial,ld av,madrid,sevilla,41.38
2024-04,renfe-avlo,comercial,ld av,madrid,valencia/valencia,21.56
2024-05,iryo,comercial,ld av,madrid,alicante/alacant,35.68
2024-05,iryo,comercial,ld av,madrid,barcelona,45.56
2024-05,iryo,comercial,ld av,madrid,malaga,411.0
2024-05,iryo,comercial,ld av,madrid,sevilla,474.0
2024-05,iryo,comercial,ld av,madrid,valencia/valencia,24.45
2024-05,ouigo,comercial,ld av,madrid,alicante/alacant,30.76
2024-05,ouigo,comercial,ld av,madrid,barcelona,43.41
2024-05,ouigo,comercial,ld av,madrid,valencia/valencia,24.86
2024-05,renfe-ave,comercial,ld av,madrid,alicante/alacant,46.41
2024-05,renfe-ave,comercial,ld av,madrid,barcelona,65.68
2024-05,renfe-ave,comercial,ld av,madrid,malaga,51.33
2024-05,renfe-ave,comercial,ld av,madrid,sevilla,60.68
2024-05,renfe-ave,comercial,ld av,madrid,valencia/valencia,40.42
2024-05,renfe-avlo,comercial,ld av,madrid,alicante/alacant,28.53
2024-05,renfe-avlo,comercial,ld av,madrid,barcelona,46.32
2024-05,renfe-avlo,comercial,ld av,madrid,malaga,45.27
2024-05,renfe-avlo,comercial,ld av,madrid,sevilla,40.92
2024-05,renfe-avlo,comercial,ld av,madrid,valencia/valencia,22.33
2024-06,iryo,comercial,ld av,madrid,alicante/alacant,26.87
2024-06,iryo,comercial,ld av,madrid,barcelona,487.0
2024-06,iryo,comercial,ld av,madrid,malaga,43.08
2024-06,iryo,comercial,ld av,madrid,sevilla,46.61
2024-06,iryo,comercial,ld av,madrid,valencia/valencia,28.76
2024-06,ouigo,comercial,ld av,madrid,alicante/alacant,337.0
2024-06,ouigo,comercial,ld av,madrid,barcelona,46.23
2024-06,ouigo,comercial,ld av,madrid,valencia/valencia,28.11
2024-06,renfe-ave,comercial,ld av,madrid,alicante/alacant,488.0
2024-06,renfe-ave,comercial,ld av,madrid,barcelona,67.44
2024-06,renfe-ave,comercial,ld av,madrid,malaga,53.22
2024-06,renfe-ave,comercial,ld av,madrid,sevilla,55.31
2024-06,renfe-ave,comercial,ld av,madrid,valencia/valencia,44.19
2024-06,renfe-avlo,comercial,ld av,madrid,alicante/alacant,28.91
2024-06,renfe-avlo,comercial,ld av,madrid,barcelona,48.58
2024-06,renfe-avlo,comercial,ld av,madrid,malaga,43.02
2024-06,renfe-avlo,comercial,ld av,madrid,sevilla,40.79
2024-06,renfe-avlo,comercial,ld av,madrid,valencia/valencia,24.47
2024-07,iryo,comercial,ld av,madrid,alicante/alacant,29.18
2024-07,iryo,comercial,ld av,madrid,barcelona,44.19
2024-07,iryo,comercial,ld av,madrid,malaga,42.86
2024-07,iryo,comercial,ld av,madrid,sevilla,36.22
2024-07,iryo,comercial,ld av,madrid,valencia/valencia,28.06
2024-07,ouigo,comercial,ld av,madrid,alicante/alacant,36.72
2024-07,ouigo,comercial,ld av,madrid,barcelona,46.06
2024-07,ouigo,comercial,ld av,madrid,valencia/valencia,29.56
2024-07,renfe-ave,comercial,ld av,madrid,alicante/alacant,46.89
2024-07,renfe-ave,comercial,ld av,madrid,barcelona,64.96
2024-07,renfe-ave,comercial,ld av,madrid,malaga,52.48
2024-07,renfe-ave,comercial,ld av,madrid,sevilla,45.86
2024-07,renfe-ave,comercial,ld av,madrid,valencia/valencia,43.48
2024-07,renfe-avlo,comercial,ld av,madrid,alicante/alacant,29.43
2024-07,renfe-avlo,comercial,ld av,madrid,barcelona,48.08
2024-07,renfe-avlo,comercial,ld av,madrid,malaga,44.28
2024-07,renfe-avlo,comercial,ld av,madrid,sevilla,34.13
2024-07,renfe-avlo,comercial,ld av,madrid,valencia/valencia,27.67
2024-08,iryo,comercial,ld av,madrid,alicante/alacant,26.49
2024-08,iryo,comercial,ld av,madrid,barcelona,40.59
2024-08,iryo,comercial,ld av,madrid,malaga,43.78
2024-08,iryo,comercial,ld av,madrid,sevilla,33.02
2024-08,iryo,comercial,ld av,madrid,valencia/valencia,24.29
2024-08,ouigo,comercial,ld av,madrid,alicante/alacant,31.81
2024-08,ouigo,comercial,ld av,madrid,barcelona,43.16
2024-08,ouigo,comercial,ld av,madrid,valencia/valencia,26.03
2024-08,renfe-ave,comercial,ld av,madrid,alicante/alacant,432.0
2024-08,renfe-ave,comercial,ld av,madrid,barcelona,57.95
2024-08,renfe-ave,comercial,ld av,madrid,malaga,52.59
2024-08,renfe-ave,comercial,ld av,madrid,sevilla,39.62
2024-08,renfe-ave,comercial,ld av,madrid,valencia/valencia,36.86
2024-08,renfe-avlo,comercial,ld av,madrid,alicante/alacant,29.37
2024-08,renfe-avlo,comercial,ld av,madrid,barcelona,44.71
2024-08,renfe-avlo,comercial,ld av,madrid,malaga,44.62
2024-08,renfe-avlo,comercial,ld av,madrid,sevilla,27.48
2024-08,renfe-avlo,comercial,ld av,madrid,valencia/valencia,23.48
2024-09,iryo,comercial,ld av,madrid,alicante/alacant,25.31
2024-09,iryo,comercial,ld av,madrid,barcelona,404.0
2024-09,iryo,comercial,ld av,madrid,malaga,37.61
2024-09,iryo,comercial,ld av,madrid,sevilla,37.72
2024-09,iryo,comercial,ld av,madrid,valencia/valencia,22.44
2024-09,ouigo,comercial,ld av,madrid,alicante/alacant,25.66
2024-09,ouigo,comercial,ld av,madrid,barcelona,40.16
2024-09,ouigo,comercial,ld av,madrid,valencia/valencia,22.78
2024-09,renfe-ave,comercial,ld av,madrid,alicante/alacant,38.33
2024-09,renfe-ave,comercial,ld av,madrid,barcelona,63.98
2024-09,renfe-ave,comercial,ld av,madrid,malaga,46.72
2024-09,renfe-ave,comercial,ld av,madrid,sevilla,48.24
2024-09,renfe-ave,comercial,ld av,madrid,valencia/valencia,35.18
2024-09,renfe-avlo,comercial,ld av,madrid,alicante/alacant,248.0
2024-09,renfe-avlo,comercial,ld av,madrid,barcelona,43.08
2024-09,renfe-avlo,comercial,ld av,madrid,malaga,40.67
2024-09,renfe-avlo,comercial,ld av,madrid,sevilla,34.21
2024-09,renfe-avlo,comercial,ld av,madrid,valencia/valencia,21.18
2024-10,iryo,comercial,ld av,madrid,alicante/alacant,27.02
2024-10,iryo,comercial,ld av,madrid,barcelona,417.0
2024-10,iryo,comercial,ld av,madrid,malaga,38.29
2024-10,iryo,comercial,ld av,madrid,sevilla,39.46
2024-10,iryo,comercial,ld av,madrid,valencia/valencia,22.14
2024-10,ouigo,comercial,ld av,madrid,alicante/alacant,244.0
2024-10,ouigo,comercial,ld av,madrid,barcelona,41.83
2024-10,ouigo,comercial,ld av,madrid,valencia/valencia,21.22
2024-10,renfe-ave,comercial,ld av,madrid,alicante/alacant,38.85
2024-10,renfe-ave,comercial,ld av,madrid,barcelona,678.0
2024-10,renfe-ave,comercial,ld av,madrid,malaga,47.22
2024-10,renfe-ave,comercial,ld av,madrid,sevilla,50.88
2024-10,renfe-ave,comercial,ld av,madrid,valencia/valencia,35.72
2024-10,renfe-avlo,comercial,ld av,madrid,alicante/alacant,22.23
2024-10,renfe-avlo,comercial,ld av,madrid,barcelona,45.63
2024-10,renfe-avlo,comercial,ld av,madrid,malaga,448.0
2024-10,renfe-avlo,comercial,ld av,madrid,sevilla,35.88
2024-10,renfe-avlo,comercial,ld av,madrid,valencia/valencia,18.85
2024-11,iryo,comercial,ld av,madrid,alicante/alacant,29.27
2024-11,iryo,comercial,ld av,madrid,barcelona,42.55
2024-11,iryo,comercial,ld av,madrid,malaga,39.68
2024-11,iryo,comercial,ld av,madrid,sevilla,40.58
2024-11,iryo,comercial,ld av,madrid,valencia/valencia,21.83
2024-11,ouigo,comercial,ld av,madrid,alicante/alacant,25.35
2024-11,ouigo,comercial,ld av,madrid,barcelona,40.62
2024-11,ouigo,comercial,ld av,madrid,valencia/valencia,22.06
2024-11,renfe-ave,comercial,ld av,madrid,alicante/alacant,40.26
2024-11,renfe-ave,comercial,ld av,madrid,barcelona,64.82
2024-11,renfe-ave,comercial,ld av,madrid,malaga,47.23
2024-11,renfe-ave,comercial,ld av,madrid,sevilla,49.78
2024-11,renfe-ave,comercial,ld av,madrid,valencia/valencia,34.08
2024-11,renfe-avlo,comercial,ld av,madrid,alicante/alacant,23.19
2024-11,renfe-avlo,comercial,ld av,madrid,barcelona,43.65
2024-11,renfe-avlo,comercial,ld av,madrid,malaga,44.38
2024-11,renfe-avlo,comercial,ld av,madrid,sevilla,38.02
2024-11,renfe-avlo,comercial,ld av,madrid,valencia/valencia,20.05
2024-12,iryo,comercial,ld av,madrid,alicante/alacant,32.76
2024-12,iryo,comercial,ld av,madrid,barcelona,52.15
2024-12,iryo,comercial,ld av,madrid,malaga,48.57
2024-12,iryo,comercial,ld av,madrid,sevilla,46.93
2024-12,iryo,comercial,ld av,madrid,valencia/valencia,27.02
2024-12,ouigo,comercial,ld av,madrid,alicante/alacant,29.86
2024-12,ouigo,comercial,ld av,madrid,barcelona,48.23
2024-12,ouigo,comercial,ld av,madrid,valencia/valencia,23.45
2024-12,renfe-ave,comercial,ld av,madrid,alicante/alacant,42.85
2024-12,renfe-ave,comercial,ld av,madrid,barcelona,71.74
2024-12,renfe-ave,comercial,ld av,madrid,malaga,59.49
2024-12,renfe-ave,comercial,ld av,madrid,sevilla,56.34
2024-12,renfe-ave,comercial,ld av,madrid,valencia/valencia,34.61
2024-12,renfe-avlo,comercial,ld av,madrid,alicante/alacant,28.67
2024-12,renfe-avlo,comercial,ld av,madrid,barcelona,51.46
2024-12,renfe-avlo,comercial,ld av,madrid,malaga,47.91
2024-12,renfe-avlo,comercial,ld av,madrid,sevilla,42.67
2024-12,renfe-avlo,comercial,ld av,madrid,valencia/valencia,22.49
2025-01,iryo,comercial,ld av,madrid,alicante/alacant,26.41
2025-01,iryo,comercial,ld av,madrid,barcelona,40.89
2025-01,iryo,comercial,ld av,madrid,malaga,34.07
2025-01,iryo,comercial,ld av,madrid,sevilla,35.52
2025-01,iryo,comercial,ld av,madrid,valencia/valencia,21.36
2025-01,ouigo,comercial,ld av,madrid,alicante/alacant,20.19
2025-01,ouigo,comercial,ld av,madrid,barcelona,358.0
2025-01,ouigo,comercial,ld av,madrid,malaga,21.96
2025-01,ouigo,comercial,ld av,madrid,sevilla,244.0
2025-01,ouigo,comercial,ld av,madrid,valencia/valencia,16.45
2025-01,renfe-ave,comercial,ld av,madrid,alicante/alacant,32.06
2025-01,renfe-ave,comercial,ld av,madrid,barcelona,61.94
2025-01,renfe-ave,comercial,ld av,madrid,malaga,402.0
2025-01,renfe-ave,comercial,ld av,madrid,sevilla,41.68
2025-01,renfe-ave,comercial,ld av,madrid,valencia/valencia,28.52
2025-01,renfe-avlo,comercial,ld av,madrid,alicante/alacant,22.11
2025-01,renfe-avlo,comercial,ld av,madrid,barcelona,37.55
2025-01,renfe-avlo,comercial,ld av,madrid,malaga,31.67
2025-01,renfe-avlo,comercial,ld av,madrid,sevilla,32.05
2025-01,renfe-avlo,comercial,ld av,madrid,valencia/valencia,16.33
2025-02,iryo,comercial,ld av,madrid,alicante/alacant,26.27
2025-02,iryo,comercial,ld av,madrid,barcelona,39.06
2025-02,iryo,comercial,ld av,madrid,malaga,340.0
2025-02,iryo,comercial,ld av,madrid,sevilla,35.63
2025-02,iryo,comercial,ld av,madrid,valencia/valencia,20.69
2025-02,ouigo,comercial,ld av,madrid,alicante/alacant,20.35
2025-02,ouigo,comercial,ld av,madrid,barcelona,35.04
2025-02,ouigo,comercial,ld av,madrid,malaga,26.65
2025-02,ouigo,comercial,ld av,madrid,sevilla,28.72
2025-02,ouigo,comercial,ld av,madrid,valencia/valencia,17.48
2025-02,renfe-ave,comercial,ld av,madrid,alicante/alacant,32.57
2025-02,renfe-ave,comercial,ld av,madrid,barcelona,62.27
2025-02,renfe-ave,comercial,ld av,madrid,malaga,37.87
2025-02,renfe-ave,comercial,ld av,madrid,sevilla,42.55
2025-02,renfe-ave,comercial,ld av,madrid,valencia/valencia,29.86
2025-02,renfe-avlo,comercial,ld av,madrid,alicante/alacant,21.78
2025-02,renfe-avlo,comercial,ld av,madrid,barcelona,36.34
2025-02,renfe-avlo,comercial,ld av,madrid,malaga,31.93
2025-02,renfe-avlo,comercial,ld av,madrid,sevilla,31.96
2025-02,renfe-avlo,comercial,ld av,madrid,valencia/valencia,16.89
2025-03,iryo,comercial,ld av,madrid,alicante/alacant,27.71
2025-03,iryo,comercial,ld av,madrid,barcelona,411.0
2025-03,iryo,comercial,ld av,madrid,malaga,34.98
2025-03,iryo,comercial,ld av,madrid,sevilla,35.55
2025-03,iryo,comercial,ld av,madrid,valencia/valencia,22.53
2025-03,ouigo,comercial,ld av,madrid,alicante/alacant,21.81
2025-03,ouigo,comercial,ld av,madrid,barcelona,387.0
2025-03,ouigo,comercial,ld av,madrid,malaga,29.64
2025-03,ouigo,comercial,ld av,madrid,sevilla,31.86
2025-03,ouigo,comercial,ld av,madrid,valencia/valencia,22.45
2025-03,renfe-ave,comercial,ld av,madrid,alicante/alacant,34.92
2025-03,renfe-ave,comercial,ld av,madrid,barcelona,61.58
2025-03,renfe-ave,comercial,ld av,madrid,malaga,43.35
2025-03,renfe-ave,comercial,ld av,madrid,sevilla,48.93
2025-03,renfe-ave,comercial,ld av,madrid,valencia/valencia,35.19
2025-03,renfe-avlo,comercial,ld av,madrid,alicante/alacant,23.92
2025-03,renfe-avlo,comercial,ld av,madrid,barcelona,39.35
2025-03,renfe-avlo,comercial,ld av,madrid,malaga,34.42
2025-03,renfe-avlo,comercial,ld av,madrid,sevilla,36.17
2025-03,renfe-avlo,comercial,ld av,madrid,valencia/valencia,22.38
2025-04,iryo,comercial,ld av,madrid,alicante/alacant,31.63
2025-04,iryo,comercial,ld av,madrid,barcelona,55.25
2025-04,iryo,comercial,ld av,madrid,malaga,46.49
2025-04,iryo,comercial,ld av,madrid,sevilla,48.44
2025-04,iryo,comercial,ld av,madrid,valencia/valencia,24.54
2025-04,ouigo,comercial,ld av,madrid,alicante/alacant,30.41
2025-04,ouigo,comercial,ld av,madrid,barcelona,51.21
2025-04,ouigo,comercial,ld av,madrid,malaga,39.75
2025-04,ouigo,comercial,ld av,madrid,sevilla,399.0
2025-04,ouigo,comercial,ld av,madrid,valencia/valencia,23.93
2025-04,renfe-ave,comercial,ld av,madrid,alicante/alacant,42.08
2025-04,renfe-ave,comercial,ld av,madrid,barcelona,72.55
2025-04,renfe-ave,comercial,ld av,madrid,malaga,54.63
2025-04,renfe-ave,comercial,ld av,madrid,sevilla,56.71
2025-04,renfe-ave,comercial,ld av,madrid,valencia/valencia,36.71
2025-04,renfe-avlo,comercial,ld av,madrid,alicante/alacant,30.47
2025-04,renfe-avlo,comercial,ld av,madrid,barcelona,51.12
2025-04,renfe-avlo,comercial,ld av,madrid,malaga,43.01
2025-04,renfe-avlo,comercial,ld av,madrid,sevilla,43.66
2025-04,renfe-avlo,comercial,ld av,madrid,valencia/valencia,24.52
2025-05,iryo,comercial,ld av,madrid,alicante/alacant,29.16
2025-05,iryo,comercial,ld av,madrid,barcelona,54.08
2025-05,iryo,comercial,ld av,madrid,malaga,41.16
2025-05,iryo,comercial,ld av,madrid,sevilla,51.93
2025-05,iryo,comercial,ld av,madrid,valencia/valencia,23.17
2025-05,ouigo,comercial,ld av,madrid,alicante/alacant,263.0
2025-05,ouigo,comercial,ld av,madrid,barcelona,47.76
2025-05,ouigo,comercial,ld av,madrid,malaga,38.26
2025-05,ouigo,comercial,ld av,madrid,sevilla,44.81
2025-05,ouigo,comercial,ld av,madrid,valencia/valencia,22.76
2025-05,renfe-ave,comercial,ld av,madrid,alicante/alacant,40.37
2025-05,renfe-ave,comercial,ld av,madrid,barcelona,73.51
2025-05,renfe-ave,comercial,ld av,madrid,malaga,53.45
2025-05,renfe-ave,comercial,ld av,madrid,sevilla,62.42
2025-05,renfe-ave,comercial,ld av,madrid,valencia/valencia,35.56
2025-05,renfe-avlo,comercial,ld av,madrid,alicante/alacant,27.46
2025-05,renfe-avlo,comercial,ld av,madrid,barcelona,50.62
2025-05,renfe-avlo,comercial,ld av,madrid,malaga,41.96
2025-05,renfe-avlo,comercial,ld av,madrid,sevilla,48.18
2025-05,renfe-avlo,comercial,ld av,madrid,valencia/valencia,23.87
2025-06,iryo,comercial,ld av,madrid,alicante/alacant,26.01
2025-06,iryo,comercial,ld av,madrid,barcelona,58.77
2025-06,iryo,comercial,ld av,madrid,malaga,40.57
2025-06,iryo,comercial,ld av,madrid,sevilla,37.23
2025-06,iryo,comercial,ld av,madrid,valencia/valencia,25.48
2025-06,ouigo,comercial,ld av,madrid,alicante/alacant,29.26
2025-06,ouigo,comercial,ld av,madrid,barcelona,51.45
2025-06,ouigo,comercial,ld av,madrid,malaga,32.38
2025-06,ouigo,comercial,ld av,madrid,sevilla,28.68
2025-06,ouigo,comercial,ld av,madrid,valencia/valencia,24.39
2025-06,renfe-ave,comercial,ld av,madrid,alicante/alacant,40.79
2025-06,renfe-ave,comercial,ld av,madrid,barcelona,75.69
2025-06,renfe-ave,comercial,ld av,madrid,malaga,517.0
2025-06,renfe-ave,comercial,ld av,madrid,sevilla,484.0
2025-06,renfe-ave,comercial,ld av,madrid,valencia/valencia,35.63
2025-06,renfe-avlo,comercial,ld av,madrid,alicante/alacant,30.56
2025-06,renfe-avlo,comercial,ld av,madrid,barcelona,54.15
2025-06,renfe-avlo,comercial,ld av,madrid,malaga,39.47
2025-06,renfe-avlo,comercial,ld av,madrid,sevilla,353.0
2025-06,renfe-avlo,comercial,ld av,madrid,valencia/valencia,23.84
2025-07,iryo,comercial,ld av,madrid,alicante/alacant,29.44
2025-07,iryo,comercial,ld av,madrid,barcelona,56.48
2025-07,iryo,comercial,ld av,madrid,malaga,36.51
2025-07,iryo,comercial,ld av,madrid,sevilla,35.19
2025-07,iryo,comercial,ld av,madrid,valencia/valencia,29.16
2025-07,ouigo,comercial,ld av,madrid,alicante/alacant,316.0
2025-07,ouigo,comercial,ld av,madrid,barcelona,49.63
2025-07,ouigo,comercial,ld av,madrid,malaga,30.69
2025-07,ouigo,comercial,ld av,madrid,sevilla,27.44
2025-07,ouigo,comercial,ld av,madrid,valencia/valencia,24.72
2025-07,renfe-ave,comercial,ld av,madrid,alicante/alacant,41.45
2025-07,renfe-ave,comercial,ld av,madrid,barcelona,69.36
2025-07,renfe-ave,comercial,ld av,madrid,malaga,44.33
2025-07,renfe-ave,comercial,ld av,madrid,sevilla,41.81
2025-07,renfe-ave,comercial,ld av,madrid,valencia/valencia,36.59
2025-07,renfe-avlo,comercial,ld av,madrid,alicante/alacant,32.93
2025-07,renfe-avlo,comercial,ld av,madrid,barcelona,49.63
2025-07,renfe-avlo,comercial,ld av,madrid,malaga,354.0
2025-07,renfe-avlo,comercial,ld av,madrid,sevilla,320.0
2025-07,renfe-avlo,comercial,ld av,madrid,valencia/valencia,24.33
2025-08,iryo,comercial,ld av,madrid,alicante/alacant,373.0
2025-08,iryo,comercial,ld av,madrid,barcelona,61.19
2025-08,iryo,comercial,ld av,madrid,malaga,45.22
2025-08,iryo,comercial,ld av,madrid,sevilla,39.92
2025-08,iryo,comercial,ld av,madrid,valencia/valencia,33.72
2025-08,ouigo,comercial,ld av,madrid,alicante/alacant,35.36
2025-08,ouigo,comercial,ld av,madrid,barcelona,53.77
2025-08,ouigo,comercial,ld av,madrid,malaga,347.0
2025-08,ouigo,comercial,ld av,madrid,sevilla,27.13
2025-08,ouigo,comercial,ld av,madrid,valencia/valencia,24.39
2025-08,renfe-ave,comercial,ld av,madrid,alicante/alacant,44.85
2025-08,renfe-ave,comercial,ld av,madrid,barcelona,67.42
2025-08,renfe-ave,comercial,ld av,madrid,malaga,47.54
2025-08,renfe-ave,comercial,ld av,madrid,sevilla,42.71
2025-08,renfe-ave,comercial,ld av,madrid,valencia/valencia,37.17
2025-08,renfe-avlo,comercial,ld av,madrid,alicante/alacant,38.05
2025-08,renfe-avlo,comercial,ld av,madrid,barcelona,56.43
2025-08,renfe-avlo,comercial,ld av,madrid,malaga,36.15
2025-08,renfe-avlo,comercial,ld av,madrid,sevilla,333.0
2025-08,renfe-avlo,comercial,ld av,madrid,valencia/valencia,25.51
2025-09,iryo,comercial,ld av,madrid,alicante/alacant,34.71
2025-09,iryo,comercial,ld av,madrid,barcelona,74.13
2025-09,iryo,comercial,ld av,madrid,malaga,46.03
2025-09,iryo,comercial,ld av,madrid,sevilla,45.26
2025-09,iryo,comercial,ld av,madrid,valencia/valencia,30.36
2025-09,ouigo,comercial,ld av,madrid,alicante/alacant,25.01
2025-09,ouigo,comercial,ld av,madrid,barcelona,522.0
2025-09,ouigo,comercial,ld av,madrid,malaga,32.22
2025-09,ouigo,comercial,ld av,madrid,sevilla,32.44
2025-09,ouigo,comercial,ld av,madrid,valencia/valencia,21.47
2025-09,renfe-ave,comercial,ld av,madrid,alicante/alacant,39.31
2025-09,renfe-ave,comercial,ld av,madrid,barcelona,75.11
2025-09,renfe-ave,comercial,ld av,madrid,malaga,46.57
2025-09,renfe-ave,comercial,ld av,madrid,sevilla,50.42
2025-09,renfe-ave,comercial,ld av,madrid,valencia/valencia,34.62
2025-09,renfe-avlo,comercial,ld av,madrid,alicante/alacant,295.0
2025-09,renfe-avlo,comercial,ld av,madrid,barcelona,47.88
2025-09,renfe-avlo,comercial,ld av,madrid,malaga,383.0
2025-09,renfe-avlo,comercial,ld av,madrid,sevilla,36.71
2025-09,renfe-avlo,comercial,ld av,madrid,valencia/valencia,22.37
