_id,mes,empresa,tipo_de_servicio,tipo_de_producto,trayecto,precio
1,2022-11,Iryo,Comercial,LD AV,Madrid-Barcelona,45.73000
2,2022-11,OUIGO,Comercial,LD AV,Madrid-Barcelona,40.85000
3,2022-11,OUIGO,Comercial,LD AV,Madrid-Valencia,25.08000
4,2022-11,Renfe-AVE,Comercial,LD AV,Madrid-Alicante,48.73000
5,2022-11,Renfe-AVE,Comercial,LD AV,Madrid-Barcelona,78.78000
6,2022-11,Renfe-AVE,Comercial,LD AV,Madrid-Málaga,67.77000
7,2022-11,Renfe-AVE,Comercial,LD AV,Madrid-Sevilla,66.82000
8,2022-11,Renfe-AVE,Comercial,LD AV,Madrid-Valencia,55.16000
9,2022-11,Renfe-AVLO,Comercial,LD AV,Madrid-Barcelona,49.31000
10,2022-11,Renfe-AVLO,Comercial,LD AV,Madrid-Valencia,30.23000
11,2022-11,Total,Comercial,LD AV,Madrid-Alicante,48.73000
12,2022-11,Total,Comercial,LD AV,Madrid-Barcelona,66.39000
13,2022-11,Total,Comercial,LD AV,Madrid-Málaga,67.77000
14,2022-11,Total,Comercial,LD AV,Madrid-Sevilla,66.82000
15,2022-11,Total,Comercial,LD AV,Madrid-Valencia,42.94000
16,2022-12,Iryo,Comercial,LD AV,Madrid-Barcelona,46.94000
17,2022-12,Iryo,Comercial,LD AV,Madrid-Valencia,25.84000
18,2022-12,OUIGO,Comercial,LD AV,Madrid-Barcelona,46.24000
19,2022-12,OUIGO,Comercial,LD AV,Madrid-Valencia,23.10000
20,2022-12,Renfe-AVE,Comercial,LD AV,Madrid-Alicante,54.36000
21,2022-12,Renfe-AVE,Comercial,LD AV,Madrid-Barcelona,80.63000
22,2022-12,Renfe-AVE,Comercial,LD AV,Madrid-Málaga,73.07000
23,2022-12,Renfe-AVE,Comercial,LD AV,Madrid-Sevilla,70.31000
24,2022-12,Renfe-AVE,Comercial,LD AV,Madrid-Valencia,49.78000
25,2022-12,Renfe-AVLO,Comercial,LD AV,Madrid-Barcelona,53.96000
26,2022-12,Renfe-AVLO,Comercial,LD AV,Madrid-Valencia,26.83000
27,2022-12,Total,Comercial,LD AV,Madrid-Alicante,54.36000
28,2022-12,Total,Comercial,LD AV,Madrid-Barcelona,64.17000
29,2022-12,Total,Comercial,LD AV,Madrid-Málaga,73.07000
30,2022-12,Total,Comercial,LD AV,Madrid-Sevilla,70.31000
31,2022-12,Total,Comercial,LD AV,Madrid-Valencia,38.08000
32,2023-01,Iryo,Comercial,LD AV,Madrid-Barcelona,30.52000
33,2023-01,Iryo,Comercial,LD AV,Madrid-Valencia,20.77000
34,2023-01,OUIGO,Comercial,LD AV,Madrid-Barcelona,30.49000
35,2023-01,OUIGO,Comercial,LD AV,Madrid-Valencia,20.59000
36,2023-01,Renfe-AVE,Comercial,LD AV,Madrid-Alicante,46.92000
37,2023-01,Renfe-AVE,Comercial,LD AV,Madrid-Barcelona,64.56000
38,2023-01,Renfe-AVE,Comercial,LD AV,Madrid-Málaga,57.67000
39,2023-01,Renfe-AVE,Comercial,LD AV,Madrid-Sevilla,58.74000
40,2023-01,Renfe-AVE,Comercial,LD AV,Madrid-Valencia,37.80000
41,2023-01,Renfe-AVLO,Comercial,LD AV,Madrid-Barcelona,37.06000
42,2023-01,Renfe-AVLO,Comercial,LD AV,Madrid-Valencia,22.86000
43,2023-01,Total,Comercial,LD AV,Madrid-Alicante,46.92000
44,2023-01,Total,Comercial,LD AV,Madrid-Barcelona,47.57000
45,2023-01,Total,Comercial,LD AV,Madrid-Málaga,57.67000
46,2023-01,Total,Comercial,LD AV,Madrid-Sevilla,58.74000
47,2023-01,Total,Comercial,LD AV,Madrid-Valencia,30.45000
48,2023-02,Iryo,Comercial,LD AV,Madrid-Barcelona,31.10000
49,2023-02,Iryo,Comercial,LD AV,Madrid-Valencia,20.60000
50,2023-02,OUIGO,Comercial,LD AV,Madrid-Barcelona,31.27000
51,2023-02,OUIGO,Comercial,LD AV,Madrid-Valencia,22.85000
52,2023-02,Renfe-AVE,Comercial,LD AV,Madrid-Alicante,48.69000
53,2023-02,Renfe-AVE,Comercial,LD AV,Madrid-Barcelona,67.23000
54,2023-02,Renfe-AVE,Comercial,LD AV,Madrid-Málaga,61.39000
55,2023-02,Renfe-AVE,Comercial,LD AV,Madrid-Sevilla,62.57000
56,2023-02,Renfe-AVE,Comercial,LD AV,Madrid-Valencia,34.71000
57,2023-02,Renfe-AVLO,Comercial,LD AV,Madrid-Barcelona,37.46000
58,2023-02,Renfe-AVLO,Comercial,LD AV,Madrid-Valencia,21.32000
59,2023-02,Total,Comercial,LD AV,Madrid-Alicante,48.69000
60,2023-02,Total,Comercial,LD AV,Madrid-Barcelona,49.22000
61,2023-02,Total,Comercial,LD AV,Madrid-Málaga,61.39000
62,2023-02,Total,Comercial,LD AV,Madrid-Sevilla,62.57000
63,2023-02,Total,Comercial,LD AV,Madrid-Valencia,28.35000
64,2023-03,Iryo,Comercial,LD AV,Madrid-Barcelona,32.34000
65,2023-03,Iryo,Comercial,LD AV,Madrid-Málaga,58.45000
66,2023-03,Iryo,Comercial,LD AV,Madrid-Sevilla,62.41000
67,2023-03,Iryo,Comercial,LD AV,Madrid-Valencia,21.02000
68,2023-03,OUIGO,Comercial,LD AV,Madrid-Barcelona,32.34000
69,2023-03,OUIGO,Comercial,LD AV,Madrid-Valencia,23.95000
70,2023-03,Renfe-AVE,Comercial,LD AV,Madrid-Alicante,52.18000
71,2023-03,Renfe-AVE,Comercial,LD AV,Madrid-Barcelona,64.34000
72,2023-03,Renfe-AVE,Comercial,LD AV,Madrid-Málaga,65.54000
73,2023-03,Renfe-AVE,Comercial,LD AV,Madrid-Sevilla,67.65000
74,2023-03,Renfe-AVE,Comercial,LD AV,Madrid-Valencia,42.02000
75,2023-03,Renfe-AVLO,Comercial,LD AV,Madrid-Alicante,28.09000
76,2023-03,Renfe-AVLO,Comercial,LD AV,Madrid-Barcelona,40.02000
77,2023-03,Renfe-AVLO,Comercial,LD AV,Madrid-Valencia,21.30000
78,2023-03,Total,Comercial,LD AV,Madrid-Alicante,51.77000
79,2023-03,Total,Comercial,LD AV,Madrid-Barcelona,47.75000
80,2023-03,Total,Comercial,LD AV,Madrid-Málaga,65.45000
81,2023-03,Total,Comercial,LD AV,Madrid-Sevilla,67.58000
82,2023-03,Total,Comercial,LD AV,Madrid-Valencia,31.29000
83,2023-04,Iryo,Comercial,LD AV,Madrid-Barcelona,40.31000
84,2023-04,Iryo,Comercial,LD AV,Madrid-Málaga,52.77000
85,2023-04,Iryo,Comercial,LD AV,Madrid-Sevilla,58.25000
86,2023-04,Iryo,Comercial,LD AV,Madrid-Valencia,23.46000
87,2023-04,OUIGO,Comercial,LD AV,Madrid-Alicante,24.26000
88,2023-04,OUIGO,Comercial,LD AV,Madrid-Barcelona,39.58000
89,2023-04,OUIGO,Comercial,LD AV,Madrid-Valencia,23.74000
90,2023-04,Renfe-AVE,Comercial,LD AV,Madrid-Alicante,55.17000
91,2023-04,Renfe-AVE,Comercial,LD AV,Madrid-Barcelona,68.46000
92,2023-04,Renfe-AVE,Comercial,LD AV,Madrid-Málaga,68.10000
93,2023-04,Renfe-AVE,Comercial,LD AV,Madrid-Sevilla,75.77000
94,2023-04,Renfe-AVE,Comercial,LD AV,Madrid-Valencia,38.86000
95,2023-04,Renfe-AVLO,Comercial,LD AV,Madrid-Alicante,32.76000
96,2023-04,Renfe-AVLO,Comercial,LD AV,Madrid-Barcelona,46.62000
97,2023-04,Renfe-AVLO,Comercial,LD AV,Madrid-Valencia,23.78000
98,2023-04,Total,Comercial,LD AV,Madrid-Alicante,51.37000
99,2023-04,Total,Comercial,LD AV,Madrid-Barcelona,53.47000
100,2023-04,Total,Comercial,LD AV,Madrid-Málaga,65.76000
101,2023-04,Total,Comercial,LD AV,Madrid-Sevilla,73.23000
102,2023-04,Total,Comercial,LD AV,Madrid-Valencia,30.46000
103,2023-05,Iryo,Comercial,LD AV,Madrid-Barcelona,44.01000
104,2023-05,Iryo,Comercial,LD AV,Madrid-Málaga,56.74000
105,2023-05,Iryo,Comercial,LD AV,Madrid-Sevilla,57.41000
106,2023-05,Iryo,Comercial,LD AV,Madrid-Valencia,24.52000
107,2023-05,OUIGO,Comercial,LD AV,Madrid-Alicante,18.30000
108,2023-05,OUIGO,Comercial,LD AV,Madrid-Barcelona,40.31000
109,2023-05,OUIGO,Comercial,LD AV,Madrid-Valencia,21.92000
110,2023-05,Renfe-AVE,Comercial,LD AV,Madrid-Alicante,52.82000
111,2023-05,Renfe-AVE,Comercial,LD AV,Madrid-Barcelona,69.19000
112,2023-05,Renfe-AVE,Comercial,LD AV,Madrid-Málaga,71.22000
113,2023-05,Renfe-AVE,Comercial,LD AV,Madrid-Sevilla,74.80000
114,2023-05,Renfe-AVE,Comercial,LD AV,Madrid-Valencia,40.73000
115,2023-05,Renfe-AVLO,Comercial,LD AV,Madrid-Alicante,25.03000
116,2023-05,Renfe-AVLO,Comercial,LD AV,Madrid-Barcelona,47.56000
117,2023-05,Renfe-AVLO,Comercial,LD AV,Madrid-Valencia,24.10000
118,2023-05,Total,Comercial,LD AV,Madrid-Alicante,44.02000
119,2023-05,Total,Comercial,LD AV,Madrid-Barcelona,55.32000
120,2023-05,Total,Comercial,LD AV,Madrid-Málaga,68.58000
121,2023-05,Total,Comercial,LD AV,Madrid-Sevilla,70.33000
122,2023-05,Total,Comercial,LD AV,Madrid-Valencia,31.33000
123,2023-06,Iryo,Comercial,LD AV,Madrid-Alicante,29.64000
124,2023-06,Iryo,Comercial,LD AV,Madrid-Barcelona,45.21000
125,2023-06,Iryo,Comercial,LD AV,Madrid-Málaga,60.66000
126,2023-06,Iryo,Comercial,LD AV,Madrid-Sevilla,56.88000
127,2023-06,Iryo,Comercial,LD AV,Madrid-Valencia,27.48000
128,2023-06,OUIGO,Comercial,LD AV,Madrid-Alicante,20.99000
129,2023-06,OUIGO,Comercial,LD AV,Madrid-Barcelona,39.94000
130,2023-06,OUIGO,Comercial,LD AV,Madrid-Valencia,21.37000
131,2023-06,Renfe-AVE,Comercial,LD AV,Madrid-Alicante,58.33000
132,2023-06,Renfe-AVE,Comercial,LD AV,Madrid-Barcelona,65.33000
133,2023-06,Renfe-AVE,Comercial,LD AV,Madrid-Málaga,70.65000
134,2023-06,Renfe-AVE,Comercial,LD AV,Madrid-Sevilla,71.61000
135,2023-06,Renfe-AVE,Comercial,LD AV,Madrid-Valencia,46.40000
136,2023-06,Renfe-AVLO,Comercial,LD AV,Madrid-Alicante,28.56000
137,2023-06,Renfe-AVLO,Comercial,LD AV,Madrid-Barcelona,46.47000
138,2023-06,Renfe-AVLO,Comercial,LD AV,Madrid-Málaga,57.68000
139,2023-06,Renfe-AVLO,Comercial,LD AV,Madrid-Sevilla,44.40000
140,2023-06,Renfe-AVLO,Comercial,LD AV,Madrid-Valencia,25.06000
141,2023-06,Total,Comercial,LD AV,Madrid-Alicante,46.50000
142,2023-06,Total,Comercial,LD AV,Madrid-Barcelona,53.85000
143,2023-06,Total,Comercial,LD AV,Madrid-Málaga,67.00000
144,2023-06,Total,Comercial,LD AV,Madrid-Sevilla,64.91000
145,2023-06,Total,Comercial,LD AV,Madrid-Valencia,34.80000
146,2023-07,Iryo,Comercial,LD AV,Madrid-Alicante,34.65000
147,2023-07,Iryo,Comercial,LD AV,Madrid-Barcelona,49.75000
148,2023-07,Iryo,Comercial,LD AV,Madrid-Málaga,56.95000
149,2023-07,Iryo,Comercial,LD AV,Madrid-Sevilla,49.72000
150,2023-07,Iryo,Comercial,LD AV,Madrid-Valencia,28.39000
151,2023-07,OUIGO,Comercial,LD AV,Madrid-Alicante,27.21000
152,2023-07,OUIGO,Comercial,LD AV,Madrid-Barcelona,44.41000
153,2023-07,OUIGO,Comercial,LD AV,Madrid-Valencia,23.21000
154,2023-07,Renfe-AVE,Comercial,LD AV,Madrid-Alicante,60.48000
155,2023-07,Renfe-AVE,Comercial,LD AV,Madrid-Barcelona,62.22000
156,2023-07,Renfe-AVE,Comercial,LD AV,Madrid-Málaga,70.41000
157,2023-07,Renfe-AVE,Comercial,LD AV,Madrid-Sevilla,61.70000
158,2023-07,Renfe-AVE,Comercial,LD AV,Madrid-Valencia,44.21000
159,2023-07,Renfe-AVLO,Comercial,LD AV,Madrid-Alicante,32.62000
160,2023-07,Renfe-AVLO,Comercial,LD AV,Madrid-Barcelona,46.19000
161,2023-07,Renfe-AVLO,Comercial,LD AV,Madrid-Málaga,58.80000
162,2023-07,Renfe-AVLO,Comercial,LD AV,Madrid-Sevilla,38.50000
163,2023-07,Renfe-AVLO,Comercial,LD AV,Madrid-Valencia,25.46000
164,2023-07,Total,Comercial,LD AV,Madrid-Alicante,49.69000
165,2023-07,Total,Comercial,LD AV,Madrid-Barcelona,54.49000
166,2023-07,Total,Comercial,LD AV,Madrid-Málaga,65.57000
167,2023-07,Total,Comercial,LD AV,Madrid-Sevilla,56.28000
168,2023-07,Total,Comercial,LD AV,Madrid-Valencia,34.28000
169,2023-08,Iryo,Comercial,LD AV,Madrid-Alicante,28.99000
170,2023-08,Iryo,Comercial,LD AV,Madrid-Barcelona,40.62000
171,2023-08,Iryo,Comercial,LD AV,Madrid-Málaga,52.65000
172,2023-08,Iryo,Comercial,LD AV,Madrid-Sevilla,38.96000
173,2023-08,Iryo,Comercial,LD AV,Madrid-Valencia,22.28000
174,2023-08,OUIGO,Comercial,LD AV,Madrid-Alicante,27.44000
175,2023-08,OUIGO,Comercial,LD AV,Madrid-Barcelona,41.75000
176,2023-08,OUIGO,Comercial,LD AV,Madrid-Valencia,22.76000
177,2023-08,Renfe-AVE,Comercial,LD AV,Madrid-Alicante,57.09000
178,2023-08,Renfe-AVE,Comercial,LD AV,Madrid-Barcelona,55.99000
179,2023-08,Renfe-AVE,Comercial,LD AV,Madrid-Málaga,64.57000
180,2023-08,Renfe-AVE,Comercial,LD AV,Madrid-Sevilla,50.49000
181,2023-08,Renfe-AVE,Comercial,LD AV,Madrid-Valencia,38.81000
182,2023-08,Renfe-AVLO,Comercial,LD AV,Madrid-Alicante,29.19000
183,2023-08,Renfe-AVLO,Comercial,LD AV,Madrid-Barcelona,38.93000
184,2023-08,Renfe-AVLO,Comercial,LD AV,Madrid-Málaga,51.95000
185,2023-08,Renfe-AVLO,Comercial,LD AV,Madrid-Sevilla,29.09000
186,2023-08,Renfe-AVLO,Comercial,LD AV,Madrid-Valencia,23.02000
187,2023-08,Total,Comercial,LD AV,Madrid-Alicante,46.18000
188,2023-08,Total,Comercial,LD AV,Madrid-Barcelona,47.53000
189,2023-08,Total,Comercial,LD AV,Madrid-Málaga,60.35000
190,2023-08,Total,Comercial,LD AV,Madrid-Sevilla,45.64000
191,2023-08,Total,Comercial,LD AV,Madrid-Valencia,29.82000
192,2023-09,Iryo,Comercial,LD AV,Madrid-Alicante,25.42000
193,2023-09,Iryo,Comercial,LD AV,Madrid-Barcelona,39.59000
194,2023-09,Iryo,Comercial,LD AV,Madrid-Málaga,43.37000
195,2023-09,Iryo,Comercial,LD AV,Madrid-Sevilla,40.03000
196,2023-09,Iryo,Comercial,LD AV,Madrid-Valencia,19.72000
197,2023-09,OUIGO,Comercial,LD AV,Madrid-Alicante,22.50000
198,2023-09,OUIGO,Comercial,LD AV,Madrid-Barcelona,37.51000
199,2023-09,OUIGO,Comercial,LD AV,Madrid-Valencia,19.22000
200,2023-09,Renfe-AVE,Comercial,LD AV,Madrid-Alicante,52.14000
201,2023-09,Renfe-AVE,Comercial,LD AV,Madrid-Barcelona,68.35000
202,2023-09,Renfe-AVE,Comercial,LD AV,Madrid-Málaga,51.44000
203,2023-09,Renfe-AVE,Comercial,LD AV,Madrid-Sevilla,58.30000
204,2023-09,Renfe-AVE,Comercial,LD AV,Madrid-Valencia,33.59000
205,2023-09,Renfe-AVLO,Comercial,LD AV,Madrid-Alicante,23.54000
206,2023-09,Renfe-AVLO,Comercial,LD AV,Madrid-Barcelona,40.45000
207,2023-09,Renfe-AVLO,Comercial,LD AV,Madrid-Málaga,45.45000
208,2023-09,Renfe-AVLO,Comercial,LD AV,Madrid-Sevilla,32.96000
209,2023-09,Renfe-AVLO,Comercial,LD AV,Madrid-Valencia,18.68000
210,2023-09,Total,Comercial,LD AV,Madrid-Alicante,42.10000
211,2023-09,Total,Comercial,LD AV,Madrid-Barcelona,52.11000
212,2023-09,Total,Comercial,LD AV,Madrid-Málaga,48.79000
213,2023-09,Total,Comercial,LD AV,Madrid-Sevilla,50.31000
214,2023-09,Total,Comercial,LD AV,Madrid-Valencia,25.62000
215,2023-10,Iryo,Comercial,LD AV,Madrid-Alicante,33.04000
216,2023-10,Iryo,Comercial,LD AV,Madrid-Barcelona,40.09000
217,2023-10,Iryo,Comercial,LD AV,Madrid-Málaga,40.03000
218,2023-10,Iryo,Comercial,LD AV,Madrid-Sevilla,43.54000
219,2023-10,Iryo,Comercial,LD AV,Madrid-Valencia,24.15000
220,2023-10,OUIGO,Comercial,LD AV,Madrid-Alicante,25.34000
221,2023-10,OUIGO,Comercial,LD AV,Madrid-Barcelona,37.31000
222,2023-10,OUIGO,Comercial,LD AV,Madrid-Valencia,21.66000
223,2023-10,Renfe-AVE,Comercial,LD AV,Madrid-Alicante,47.51000
224,2023-10,Renfe-AVE,Comercial,LD AV,Madrid-Barcelona,65.02000
225,2023-10,Renfe-AVE,Comercial,LD AV,Madrid-Málaga,51.99000
226,2023-10,Renfe-AVE,Comercial,LD AV,Madrid-Sevilla,59.24000
227,2023-10,Renfe-AVE,Comercial,LD AV,Madrid-Valencia,35.58000
228,2023-10,Renfe-AVLO,Comercial,LD AV,Madrid-Alicante,24.29000
229,2023-10,Renfe-AVLO,Comercial,LD AV,Madrid-Barcelona,42.05000
230,2023-10,Renfe-AVLO,Comercial,LD AV,Madrid-Málaga,40.56000
231,2023-10,Renfe-AVLO,Comercial,LD AV,Madrid-Sevilla,34.15000
232,2023-10,Renfe-AVLO,Comercial,LD AV,Madrid-Valencia,21.84000
233,2023-10,Total,Comercial,LD AV,Madrid-Alicante,40.70000
234,2023-10,Total,Comercial,LD AV,Madrid-Barcelona,51.00000
235,2023-10,Total,Comercial,LD AV,Madrid-Málaga,48.25000
236,2023-10,Total,Comercial,LD AV,Madrid-Sevilla,52.94000
237,2023-10,Total,Comercial,LD AV,Madrid-Valencia,28.64000
238,2023-11,Iryo,Comercial,LD AV,Madrid-Alicante,32.27000
239,2023-11,Iryo,Comercial,LD AV,Madrid-Barcelona,38.60000
240,2023-11,Iryo,Comercial,LD AV,Madrid-Málaga,38.84000
241,2023-11,Iryo,Comercial,LD AV,Madrid-Sevilla,42.99000
242,2023-11,Iryo,Comercial,LD AV,Madrid-Valencia,23.85000
243,2023-11,OUIGO,Comercial,LD AV,Madrid-Alicante,21.88000
244,2023-11,OUIGO,Comercial,LD AV,Madrid-Barcelona,34.86000
245,2023-11,OUIGO,Comercial,LD AV,Madrid-Valencia,21.26000
246,2023-11,Renfe-AVE,Comercial,LD AV,Madrid-Alicante,41.78000
247,2023-11,Renfe-AVE,Comercial,LD AV,Madrid-Barcelona,61.20000
248,2023-11,Renfe-AVE,Comercial,LD AV,Madrid-Málaga,49.37000
249,2023-11,Renfe-AVE,Comercial,LD AV,Madrid-Sevilla,55.44000
250,2023-11,Renfe-AVE,Comercial,LD AV,Madrid-Valencia,35.98000
251,2023-11,Renfe-AVLO,Comercial,LD AV,Madrid-Alicante,22.74000
252,2023-11,Renfe-AVLO,Comercial,LD AV,Madrid-Barcelona,41.19000
253,2023-11,Renfe-AVLO,Comercial,LD AV,Madrid-Málaga,39.28000
254,2023-11,Renfe-AVLO,Comercial,LD AV,Madrid-Sevilla,36.79000
255,2023-11,Renfe-AVLO,Comercial,LD AV,Madrid-Valencia,20.90000
256,2023-11,Total,Comercial,LD AV,Madrid-Alicante,35.89000
257,2023-11,Total,Comercial,LD AV,Madrid-Barcelona,48.43000
258,2023-11,Total,Comercial,LD AV,Madrid-Málaga,46.17000
259,2023-11,Total,Comercial,LD AV,Madrid-Sevilla,50.99000
260,2023-11,Total,Comercial,LD AV,Madrid-Valencia,28.55000
261,2023-12,Iryo,Comercial,LD AV,Madrid-Alicante,32.42000
262,2023-12,Iryo,Comercial,LD AV,Madrid-Barcelona,50.83000
263,2023-12,Iryo,Comercial,LD AV,Madrid-Málaga,49.35000
264,2023-12,Iryo,Comercial,LD AV,Madrid-Sevilla,52.44000
265,2023-12,Iryo,Comercial,LD AV,Madrid-Valencia,28.54000
266,2023-12,OUIGO,Comercial,LD AV,Madrid-Alicante,30.81000
267,2023-12,OUIGO,Comercial,LD AV,Madrid-Barcelona,43.13000
268,2023-12,OUIGO,Comercial,LD AV,Madrid-Valencia,25.54000
269,2023-12,Renfe-AVE,Comercial,LD AV,Madrid-Alicante,46.96000
270,2023-12,Renfe-AVE,Comercial,LD AV,Madrid-Barcelona,67.07000
271,2023-12,Renfe-AVE,Comercial,LD AV,Madrid-Málaga,62.05000
272,2023-12,Renfe-AVE,Comercial,LD AV,Madrid-Sevilla,62.53000
273,2023-12,Renfe-AVE,Comercial,LD AV,Madrid-Valencia,41.39000
274,2023-12,Renfe-AVLO,Comercial,LD AV,Madrid-Alicante,30.45000
275,2023-12,Renfe-AVLO,Comercial,LD AV,Madrid-Barcelona,50.11000
276,2023-12,Renfe-AVLO,Comercial,LD AV,Madrid-Málaga,49.79000
277,2023-12,Renfe-AVLO,Comercial,LD AV,Madrid-Sevilla,43.02000
278,2023-12,Renfe-AVLO,Comercial,LD AV,Madrid-Valencia,25.70000
279,2023-12,Total,Comercial,LD AV,Madrid-Alicante,41.37000
280,2023-12,Total,Comercial,LD AV,Madrid-Barcelona,56.54000
281,2023-12,Total,Comercial,LD AV,Madrid-Málaga,57.54000
282,2023-12,Total,Comercial,LD AV,Madrid-Sevilla,58.55000
283,2023-12,Total,Comercial,LD AV,Madrid-Valencia,32.95000
284,2024-01,Iryo,Comercial,LD AV,Madrid-Alicante,24.41000
285,2024-01,Iryo,Comercial,LD AV,Madrid-Barcelona,36.94000
286,2024-01,Iryo,Comercial,LD AV,Madrid-Málaga,33.67000
287,2024-01,Iryo,Comercial,LD AV,Madrid-Sevilla,37.39000
288,2024-01,Iryo,Comercial,LD AV,Madrid-Valencia,19.99000
289,2024-01,OUIGO,Comercial,LD AV,Madrid-Alicante,21.30000
290,2024-01,OUIGO,Comercial,LD AV,Madrid-Barcelona,29.71000
291,2024-01,OUIGO,Comercial,LD AV,Madrid-Valencia,18.01000
292,2024-01,Renfe-AVE,Comercial,LD AV,Madrid-Alicante,43.86000
293,2024-01,Renfe-AVE,Comercial,LD AV,Madrid-Barcelona,54.94000
294,2024-01,Renfe-AVE,Comercial,LD AV,Madrid-Málaga,44.91000
295,2024-01,Renfe-AVE,Comercial,LD AV,Madrid-Sevilla,45.93000
296,2024-01,Renfe-AVE,Comercial,LD AV,Madrid-Valencia,35.15000
297,2024-01,Renfe-AVLO,Comercial,LD AV,Madrid-Alicante,20.24000
298,2024-01,Renfe-AVLO,Comercial,LD AV,Madrid-Barcelona,34.94000
299,2024-01,Renfe-AVLO,Comercial,LD AV,Madrid-Málaga,32.29000
300,2024-01,Renfe-AVLO,Comercial,LD AV,Madrid-Sevilla,30.07000
301,2024-01,Renfe-AVLO,Comercial,LD AV,Madrid-Valencia,18.47000
302,2024-01,Total,Comercial,LD AV,Madrid-Alicante,35.54000
303,2024-01,Total,Comercial,LD AV,Madrid-Barcelona,44.04000
304,2024-01,Total,Comercial,LD AV,Madrid-Málaga,40.86000
305,2024-01,Total,Comercial,LD AV,Madrid-Sevilla,42.62000
306,2024-01,Total,Comercial,LD AV,Madrid-Valencia,25.64000
307,2024-02,Iryo,Comercial,LD AV,Madrid-Alicante,28.79000
308,2024-02,Iryo,Comercial,LD AV,Madrid-Barcelona,42.18000
309,2024-02,Iryo,Comercial,LD AV,Madrid-Málaga,37.94000
310,2024-02,Iryo,Comercial,LD AV,Madrid-Sevilla,43.36000
311,2024-02,Iryo,Comercial,LD AV,Madrid-Valencia,20.50000
312,2024-02,OUIGO,Comercial,LD AV,Madrid-Alicante,21.22000
313,2024-02,OUIGO,Comercial,LD AV,Madrid-Barcelona,34.08000
314,2024-02,OUIGO,Comercial,LD AV,Madrid-Valencia,18.54000
315,2024-02,Renfe-AVE,Comercial,LD AV,Madrid-Alicante,41.23000
316,2024-02,Renfe-AVE,Comercial,LD AV,Madrid-Barcelona,65.56000
317,2024-02,Renfe-AVE,Comercial,LD AV,Madrid-Málaga,43.49000
318,2024-02,Renfe-AVE,Comercial,LD AV,Madrid-Sevilla,51.24000
319,2024-02,Renfe-AVE,Comercial,LD AV,Madrid-Valencia,33.27000
320,2024-02,Renfe-AVLO,Comercial,LD AV,Madrid-Alicante,20.38000
321,2024-02,Renfe-AVLO,Comercial,LD AV,Madrid-Barcelona,37.95000
322,2024-02,Renfe-AVLO,Comercial,LD AV,Madrid-Málaga,36.37000
323,2024-02,Renfe-AVLO,Comercial,LD AV,Madrid-Sevilla,36.94000
324,2024-02,Renfe-AVLO,Comercial,LD AV,Madrid-Valencia,18.86000
325,2024-02,Total,Comercial,LD AV,Madrid-Alicante,34.36000
326,2024-02,Total,Comercial,LD AV,Madrid-Barcelona,51.85000
327,2024-02,Total,Comercial,LD AV,Madrid-Málaga,41.53000
328,2024-02,Total,Comercial,LD AV,Madrid-Sevilla,48.16000
329,2024-02,Total,Comercial,LD AV,Madrid-Valencia,25.19000
330,2024-03,Iryo,Comercial,LD AV,Madrid-Alicante,33.03000
331,2024-03,Iryo,Comercial,LD AV,Madrid-Barcelona,48.97000
332,2024-03,Iryo,Comercial,LD AV,Madrid-Málaga,45.78000
333,2024-03,Iryo,Comercial,LD AV,Madrid-Sevilla,47.85000
334,2024-03,Iryo,Comercial,LD AV,Madrid-Valencia,27.82000
335,2024-03,OUIGO,Comercial,LD AV,Madrid-Alicante,26.96000
336,2024-03,OUIGO,Comercial,LD AV,Madrid-Barcelona,40.07000
337,2024-03,OUIGO,Comercial,LD AV,Madrid-Valencia,25.05000
338,2024-03,Renfe-AVE,Comercial,LD AV,Madrid-Alicante,42.23000
339,2024-03,Renfe-AVE,Comercial,LD AV,Madrid-Barcelona,67.17000
340,2024-03,Renfe-AVE,Comercial,LD AV,Madrid-Málaga,53.41000
341,2024-03,Renfe-AVE,Comercial,LD AV,Madrid-Sevilla,56.21000
342,2024-03,Renfe-AVE,Comercial,LD AV,Madrid-Valencia,37.52000
343,2024-03,Renfe-AVLO,Comercial,LD AV,Madrid-Alicante,25.22000
344,2024-03,Renfe-AVLO,Comercial,LD AV,Madrid-Barcelona,44.71000
345,2024-03,Renfe-AVLO,Comercial,LD AV,Madrid-Málaga,47.02000
346,2024-03,Renfe-AVLO,Comercial,LD AV,Madrid-Sevilla,41.10000
347,2024-03,Renfe-AVLO,Comercial,LD AV,Madrid-Valencia,24.00000
348,2024-03,Total,Comercial,LD AV,Madrid-Alicante,36.73000
349,2024-03,Total,Comercial,LD AV,Madrid-Barcelona,56.06000
350,2024-03,Total,Comercial,LD AV,Madrid-Málaga,50.90000
351,2024-03,Total,Comercial,LD AV,Madrid-Sevilla,52.91000
352,2024-03,Total,Comercial,LD AV,Madrid-Valencia,30.83000
353,2024-04,Iryo,Comercial,LD AV,Madrid-Alicante,33.21000
354,2024-04,Iryo,Comercial,LD AV,Madrid-Barcelona,42.97000
355,2024-04,Iryo,Comercial,LD AV,Madrid-Málaga,40.40000
356,2024-04,Iryo,Comercial,LD AV,Madrid-Sevilla,46.65000
357,2024-04,Iryo,Comercial,LD AV,Madrid-Valencia,22.87000
358,2024-04,OUIGO,Comercial,LD AV,Madrid-Alicante,27.28000
359,2024-04,OUIGO,Comercial,LD AV,Madrid-Barcelona,36.98000
360,2024-04,OUIGO,Comercial,LD AV,Madrid-Valencia,22.10000
361,2024-04,Renfe-AVE,Comercial,LD AV,Madrid-Alicante,44.12000
362,2024-04,Renfe-AVE,Comercial,LD AV,Madrid-Barcelona,62.99000
363,2024-04,Renfe-AVE,Comercial,LD AV,Madrid-Málaga,49.14000
364,2024-04,Renfe-AVE,Comercial,LD AV,Madrid-Sevilla,58.35000
365,2024-04,Renfe-AVE,Comercial,LD AV,Madrid-Valencia,36.06000
366,2024-04,Renfe-AVLO,Comercial,LD AV,Madrid-Alicante,26.91000
367,2024-04,Renfe-AVLO,Comercial,LD AV,Madrid-Barcelona,41.13000
368,2024-04,Renfe-AVLO,Comercial,LD AV,Madrid-Málaga,42.84000
369,2024-04,Renfe-AVLO,Comercial,LD AV,Madrid-Sevilla,41.38000
370,2024-04,Renfe-AVLO,Comercial,LD AV,Madrid-Valencia,21.56000
371,2024-04,Total,Comercial,LD AV,Madrid-Alicante,38.05000
372,2024-04,Total,Comercial,LD AV,Madrid-Barcelona,51.78000
373,2024-04,Total,Comercial,LD AV,Madrid-Málaga,46.33000
374,2024-04,Total,Comercial,LD AV,Madrid-Sevilla,54.20000
375,2024-04,Total,Comercial,LD AV,Madrid-Valencia,28.06000
376,2024-05,Iryo,Comercial,LD AV,Madrid-Alicante,35.68000
377,2024-05,Iryo,Comercial,LD AV,Madrid-Barcelona,45.56000
378,2024-05,Iryo,Comercial,LD AV,Madrid-Málaga,41.10000
379,2024-05,Iryo,Comercial,LD AV,Madrid-Sevilla,47.40000
380,2024-05,Iryo,Comercial,LD AV,Madrid-Valencia,24.45000
381,2024-05,OUIGO,Comercial,LD AV,Madrid-Alicante,30.76000
382,2024-05,OUIGO,Comercial,LD AV,Madrid-Barcelona,43.41000
383,2024-05,OUIGO,Comercial,LD AV,Madrid-Valencia,24.86000
384,2024-05,Renfe-AVE,Comercial,LD AV,Madrid-Alicante,46.41000
385,2024-05,Renfe-AVE,Comercial,LD AV,Madrid-Barcelona,65.68000
386,2024-05,Renfe-AVE,Comercial,LD AV,Madrid-Málaga,51.33000
387,2024-05,Renfe-AVE,Comercial,LD AV,Madrid-Sevilla,60.68000
388,2024-05,Renfe-AVE,Comercial,LD AV,Madrid-Valencia,40.42000
389,2024-05,Renfe-AVLO,Comercial,LD AV,Madrid-Alicante,28.53000
390,2024-05,Renfe-AVLO,Comercial,LD AV,Madrid-Barcelona,46.32000
391,2024-05,Renfe-AVLO,Comercial,LD AV,Madrid-Málaga,45.27000
392,2024-05,Renfe-AVLO,Comercial,LD AV,Madrid-Sevilla,40.92000
393,2024-05,Renfe-AVLO,Comercial,LD AV,Madrid-Valencia,22.33000
394,2024-05,Total,Comercial,LD AV,Madrid-Alicante,40.43000
395,2024-05,Total,Comercial,LD AV,Madrid-Barcelona,55.01000
396,2024-05,Total,Comercial,LD AV,Madrid-Málaga,48.07000
397,2024-05,Total,Comercial,LD AV,Madrid-Sevilla,56.00000
398,2024-05,Total,Comercial,LD AV,Madrid-Valencia,31.36000
399,2024-06,Iryo,Comercial,LD AV,Madrid-Alicante,26.87000
400,2024-06,Iryo,Comercial,LD AV,Madrid-Barcelona,48.70000
401,2024-06,Iryo,Comercial,LD AV,Madrid-Málaga,43.08000
402,2024-06,Iryo,Comercial,LD AV,Madrid-Sevilla,46.61000
403,2024-06,Iryo,Comercial,LD AV,Madrid-Valencia,28.76000
404,2024-06,OUIGO,Comercial,LD AV,Madrid-Alicante,33.70000
405,2024-06,OUIGO,Comercial,LD AV,Madrid-Barcelona,46.23000
406,2024-06,OUIGO,Comercial,LD AV,Madrid-Valencia,28.11000
407,2024-06,Renfe-AVE,Comercial,LD AV,Madrid-Alicante,48.80000
408,2024-06,Renfe-AVE,Comercial,LD AV,Madrid-Barcelona,67.44000
409,2024-06,Renfe-AVE,Comercial,LD AV,Madrid-Málaga,53.22000
410,2024-06,Renfe-AVE,Comercial,LD AV,Madrid-Sevilla,55.31000
411,2024-06,Renfe-AVE,Comercial,LD AV,Madrid-Valencia,44.19000
412,2024-06,Renfe-AVLO,Comercial,LD AV,Madrid-Alicante,28.91000
413,2024-06,Renfe-AVLO,Comercial,LD AV,Madrid-Barcelona,48.58000
414,2024-06,Renfe-AVLO,Comercial,LD AV,Madrid-Málaga,43.02000
415,2024-06,Renfe-AVLO,Comercial,LD AV,Madrid-Sevilla,40.79000
416,2024-06,Renfe-AVLO,Comercial,LD AV,Madrid-Valencia,24.47000
417,2024-06,Total,Comercial,LD AV,Madrid-Alicante,40.88000
418,2024-06,Total,Comercial,LD AV,Madrid-Barcelona,57.47000
419,2024-06,Total,Comercial,LD AV,Madrid-Málaga,49.21000
420,2024-06,Total,Comercial,LD AV,Madrid-Sevilla,52.04000
421,2024-06,Total,Comercial,LD AV,Madrid-Valencia,34.27000
422,2024-07,Iryo,Comercial,LD AV,Madrid-Alicante,29.18000
423,2024-07,Iryo,Comercial,LD AV,Madrid-Barcelona,44.19000
424,2024-07,Iryo,Comercial,LD AV,Madrid-Málaga,42.86000
425,2024-07,Iryo,Comercial,LD AV,Madrid-Sevilla,36.22000
426,2024-07,Iryo,Comercial,LD AV,Madrid-Valencia,28.06000
427,2024-07,OUIGO,Comercial,LD AV,Madrid-Alicante,36.72000
428,2024-07,OUIGO,Comercial,LD AV,Madrid-Barcelona,46.06000
429,2024-07,OUIGO,Comercial,LD AV,Madrid-Valencia,29.56000
430,2024-07,Renfe-AVE,Comercial,LD AV,Madrid-Alicante,46.89000
431,2024-07,Renfe-AVE,Comercial,LD AV,Madrid-Barcelona,64.96000
432,2024-07,Renfe-AVE,Comercial,LD AV,Madrid-Málaga,52.48000
433,2024-07,Renfe-AVE,Comercial,LD AV,Madrid-Sevilla,45.86000
434,2024-07,Renfe-AVE,Comercial,LD AV,Madrid-Valencia,43.48000
435,2024-07,Renfe-AVLO,Comercial,LD AV,Madrid-Alicante,29.43000
436,2024-07,Renfe-AVLO,Comercial,LD AV,Madrid-Barcelona,48.08000
437,2024-07,Renfe-AVLO,Comercial,LD AV,Madrid-Málaga,44.28000
438,2024-07,Renfe-AVLO,Comercial,LD AV,Madrid-Sevilla,34.13000
439,2024-07,Renfe-AVLO,Comercial,LD AV,Madrid-Valencia,27.67000
440,2024-07,Total,Comercial,LD AV,Madrid-Alicante,41.09000
441,2024-07,Total,Comercial,LD AV,Madrid-Barcelona,54.56000
442,2024-07,Total,Comercial,LD AV,Madrid-Málaga,49.04000
443,2024-07,Total,Comercial,LD AV,Madrid-Sevilla,42.34000
444,2024-07,Total,Comercial,LD AV,Madrid-Valencia,34.50000
445,2024-08,Iryo,Comercial,LD AV,Madrid-Alicante,26.49000
446,2024-08,Iryo,Comercial,LD AV,Madrid-Barcelona,40.59000
447,2024-08,Iryo,Comercial,LD AV,Madrid-Málaga,43.78000
448,2024-08,Iryo,Comercial,LD AV,Madrid-Sevilla,33.02000
449,2024-08,Iryo,Comercial,LD AV,Madrid-Valencia,24.29000
450,2024-08,OUIGO,Comercial,LD AV,Madrid-Alicante,31.81000
451,2024-08,OUIGO,Comercial,LD AV,Madrid-Barcelona,43.16000
452,2024-08,OUIGO,Comercial,LD AV,Madrid-Valencia,26.03000
453,2024-08,Renfe-AVE,Comercial,LD AV,Madrid-Alicante,43.20000
454,2024-08,Renfe-AVE,Comercial,LD AV,Madrid-Barcelona,57.95000
455,2024-08,Renfe-AVE,Comercial,LD AV,Madrid-Málaga,52.59000
456,2024-08,Renfe-AVE,Comercial,LD AV,Madrid-Sevilla,39.62000
457,2024-08,Renfe-AVE,Comercial,LD AV,Madrid-Valencia,36.86000
458,2024-08,Renfe-AVLO,Comercial,LD AV,Madrid-Alicante,29.37000
459,2024-08,Renfe-AVLO,Comercial,LD AV,Madrid-Barcelona,44.71000
460,2024-08,Renfe-AVLO,Comercial,LD AV,Madrid-Málaga,44.62000
461,2024-08,Renfe-AVLO,Comercial,LD AV,Madrid-Sevilla,27.48000
462,2024-08,Renfe-AVLO,Comercial,LD AV,Madrid-Valencia,23.48000
463,2024-08,Total,Comercial,LD AV,Madrid-Alicante,37.53000
464,2024-08,Total,Comercial,LD AV,Madrid-Barcelona,48.56000
465,2024-08,Total,Comercial,LD AV,Madrid-Málaga,49.65000
466,2024-08,Total,Comercial,LD AV,Madrid-Sevilla,36.77000
467,2024-08,Total,Comercial,LD AV,Madrid-Valencia,28.80000
468,2024-09,Iryo,Comercial,LD AV,Madrid-Alicante,25.31000
469,2024-09,Iryo,Comercial,LD AV,Madrid-Barcelona,40.40000
470,2024-09,Iryo,Comercial,LD AV,Madrid-Málaga,37.61000
471,2024-09,Iryo,Comercial,LD AV,Madrid-Sevilla,37.72000
472,2024-09,Iryo,Comercial,LD AV,Madrid-Valencia,22.44000
473,2024-09,OUIGO,Comercial,LD AV,Madrid-Alicante,25.66000
474,2024-09,OUIGO,Comercial,LD AV,Madrid-Barcelona,40.16000
475,2024-09,OUIGO,Comercial,LD AV,Madrid-Valencia,22.78000
476,2024-09,Renfe-AVE,Comercial,LD AV,Madrid-Alicante,38.33000
477,2024-09,Renfe-AVE,Comercial,LD AV,Madrid-Barcelona,63.98000
478,2024-09,Renfe-AVE,Comercial,LD AV,Madrid-Málaga,46.72000
479,2024-09,Renfe-AVE,Comercial,LD AV,Madrid-Sevilla,48.24000
480,2024-09,Renfe-AVE,Comercial,LD AV,Madrid-Valencia,35.18000
481,2024-09,Renfe-AVLO,Comercial,LD AV,Madrid-Alicante,24.80000
482,2024-09,Renfe-AVLO,Comercial,LD AV,Madrid-Barcelona,43.08000
483,2024-09,Renfe-AVLO,Comercial,LD AV,Madrid-Málaga,40.67000
484,2024-09,Renfe-AVLO,Comercial,LD AV,Madrid-Sevilla,34.21000
485,2024-09,Renfe-AVLO,Comercial,LD AV,Madrid-Valencia,21.18000
486,2024-09,Total,Comercial,LD AV,Madrid-Alicante,33.44000
487,2024-09,Total,Comercial,LD AV,Madrid-Barcelona,51.29000
488,2024-09,Total,Comercial,LD AV,Madrid-Málaga,43.76000
489,2024-09,Total,Comercial,LD AV,Madrid-Sevilla,44.50000
490,2024-09,Total,Comercial,LD AV,Madrid-Valencia,27.10000
491,2024-10,Iryo,Comercial,LD AV,Madrid-Alicante,27.02000
492,2024-10,Iryo,Comercial,LD AV,Madrid-Barcelona,41.70000
493,2024-10,Iryo,Comercial,LD AV,Madrid-Málaga,38.29000
494,2024-10,Iryo,Comercial,LD AV,Madrid-Sevilla,39.46000
495,2024-10,Iryo,Comercial,LD AV,Madrid-Valencia,22.14000
496,2024-10,OUIGO,Comercial,LD AV,Madrid-Alicante,24.40000
497,2024-10,OUIGO,Comercial,LD AV,Madrid-Barcelona,41.83000
498,2024-10,OUIGO,Comercial,LD AV,Madrid-Valencia,21.22000
499,2024-10,Renfe-AVE,Comercial,LD AV,Madrid-Alicante,38.85000
500,2024-10,Renfe-AVE,Comercial,LD AV,Madrid-Barcelona,67.80000
501,2024-10,Renfe-AVE,Comercial,LD AV,Madrid-Málaga,47.22000
502,2024-10,Renfe-AVE,Comercial,LD AV,Madrid-Sevilla,50.88000
503,2024-10,Renfe-AVE,Comercial,LD AV,Madrid-Valencia,35.72000
504,2024-10,Renfe-AVLO,Comercial,LD AV,Madrid-Alicante,22.23000
505,2024-10,Renfe-AVLO,Comercial,LD AV,Madrid-Barcelona,45.63000
506,2024-10,Renfe-AVLO,Comercial,LD AV,Madrid-Málaga,44.80000
507,2024-10,Renfe-AVLO,Comercial,LD AV,Madrid-Sevilla,35.88000
508,2024-10,Renfe-AVLO,Comercial,LD AV,Madrid-Valencia,18.85000
509,2024-10,Total,Comercial,LD AV,Madrid-Alicante,33.22000
510,2024-10,Total,Comercial,LD AV,Madrid-Barcelona,54.74000
511,2024-10,Total,Comercial,LD AV,Madrid-Málaga,44.63000
512,2024-10,Total,Comercial,LD AV,Madrid-Sevilla,46.88000
513,2024-10,Total,Comercial,LD AV,Madrid-Valencia,26.73000
514,2024-11,Iryo,Comercial,LD AV,Madrid-Alicante,29.27000
515,2024-11,Iryo,Comercial,LD AV,Madrid-Barcelona,42.55000
516,2024-11,Iryo,Comercial,LD AV,Madrid-Málaga,39.68000
517,2024-11,Iryo,Comercial,LD AV,Madrid-Sevilla,40.58000
518,2024-11,Iryo,Comercial,LD AV,Madrid-Valencia,21.83000
519,2024-11,OUIGO,Comercial,LD AV,Madrid-Alicante,25.35000
520,2024-11,OUIGO,Comercial,LD AV,Madrid-Barcelona,40.62000
521,2024-11,OUIGO,Comercial,LD AV,Madrid-Valencia,22.06000
522,2024-11,Renfe-AVE,Comercial,LD AV,Madrid-Alicante,40.26000
523,2024-11,Renfe-AVE,Comercial,LD AV,Madrid-Barcelona,64.82000
524,2024-11,Renfe-AVE,Comercial,LD AV,Madrid-Málaga,47.23000
525,2024-11,Renfe-AVE,Comercial,LD AV,Madrid-Sevilla,49.78000
526,2024-11,Renfe-AVE,Comercial,LD AV,Madrid-Valencia,34.08000
527,2024-11,Renfe-AVLO,Comercial,LD AV,Madrid-Alicante,23.19000
528,2024-11,Renfe-AVLO,Comercial,LD AV,Madrid-Barcelona,43.65000
529,2024-11,Renfe-AVLO,Comercial,LD AV,Madrid-Málaga,44.38000
530,2024-11,Renfe-AVLO,Comercial,LD AV,Madrid-Sevilla,38.02000
531,2024-11,Renfe-AVLO,Comercial,LD AV,Madrid-Valencia,20.05000
532,2024-11,Total,Comercial,LD AV,Madrid-Alicante,34.32000
533,2024-11,Total,Comercial,LD AV,Madrid-Barcelona,53.04000
534,2024-11,Total,Comercial,LD AV,Madrid-Málaga,44.83000
535,2024-11,Total,Comercial,LD AV,Madrid-Sevilla,46.53000
536,2024-11,Total,Comercial,LD AV,Madrid-Valencia,26.66000
537,2024-12,Iryo,Comercial,LD AV,Madrid-Alicante,32.76000
538,2024-12,Iryo,Comercial,LD AV,Madrid-Barcelona,52.15000
539,2024-12,Iryo,Comercial,LD AV,Madrid-Málaga,48.57000
540,2024-12,Iryo,Comercial,LD AV,Madrid-Sevilla,46.93000
541,2024-12,Iryo,Comercial,LD AV,Madrid-Valencia,27.02000
542,2024-12,OUIGO,Comercial,LD AV,Madrid-Alicante,29.86000
543,2024-12,OUIGO,Comercial,LD AV,Madrid-Barcelona,48.23000
544,2024-12,OUIGO,Comercial,LD AV,Madrid-Valencia,23.45000
545,2024-12,Renfe-AVE,Comercial,LD AV,Madrid-Alicante,42.85000
546,2024-12,Renfe-AVE,Comercial,LD AV,Madrid-Barcelona,71.74000
547,2024-12,Renfe-AVE,Comercial,LD AV,Madrid-Málaga,59.49000
548,2024-12,Renfe-AVE,Comercial,LD AV,Madrid-Sevilla,56.34000
549,2024-12,Renfe-AVE,Comercial,LD AV,Madrid-Valencia,34.61000
550,2024-12,Renfe-AVLO,Comercial,LD AV,Madrid-Alicante,28.67000
551,2024-12,Renfe-AVLO,Comercial,LD AV,Madrid-Barcelona,51.46000
552,2024-12,Renfe-AVLO,Comercial,LD AV,Madrid-Málaga,47.91000
553,2024-12,Renfe-AVLO,Comercial,LD AV,Madrid-Sevilla,42.67000
554,2024-12,Renfe-AVLO,Comercial,LD AV,Madrid-Valencia,22.49000
555,2024-12,Total,Comercial,LD AV,Madrid-Alicante,37.92000
556,2024-12,Total,Comercial,LD AV,Madrid-Barcelona,60.34000
557,2024-12,Total,Comercial,LD AV,Madrid-Málaga,54.62000
558,2024-12,Total,Comercial,LD AV,Madrid-Sevilla,52.14000
559,2024-12,Total,Comercial,LD AV,Madrid-Valencia,28.58000
560,2025-01,Iryo,Comercial,LD AV,Madrid-Alicante,26.41000
561,2025-01,Iryo,Comercial,LD AV,Madrid-Barcelona,40.89000
562,2025-01,Iryo,Comercial,LD AV,Madrid-Málaga,34.07000
563,2025-01,Iryo,Comercial,LD AV,Madrid-Sevilla,35.52000
564,2025-01,Iryo,Comercial,LD AV,Madrid-Valencia,21.36000
565,2025-01,OUIGO,Comercial,LD AV,Madrid-Alicante,20.19000
566,2025-01,OUIGO,Comercial,LD AV,Madrid-Barcelona,35.80000
567,2025-01,OUIGO,Comercial,LD AV,Madrid-Málaga,21.96000
568,2025-01,OUIGO,Comercial,LD AV,Madrid-Sevilla,24.40000
569,2025-01,OUIGO,Comercial,LD AV,Madrid-Valencia,16.45000
570,2025-01,Renfe-AVE,Comercial,LD AV,Madrid-Alicante,32.06000
571,2025-01,Renfe-AVE,Comercial,LD AV,Madrid-Barcelona,61.94000
572,2025-01,Renfe-AVE,Comercial,LD AV,Madrid-Málaga,40.20000
573,2025-01,Renfe-AVE,Comercial,LD AV,Madrid-Sevilla,41.68000
574,2025-01,Renfe-AVE,Comercial,LD AV,Madrid-Valencia,28.52000
575,2025-01,Renfe-AVLO,Comercial,LD AV,Madrid-Alicante,22.11000
576,2025-01,Renfe-AVLO,Comercial,LD AV,Madrid-Barcelona,37.55000
577,2025-01,Renfe-AVLO,Comercial,LD AV,Madrid-Málaga,31.67000
578,2025-01,Renfe-AVLO,Comercial,LD AV,Madrid-Sevilla,32.05000
579,2025-01,Renfe-AVLO,Comercial,LD AV,Madrid-Valencia,16.33000
580,2025-01,Total,Comercial,LD AV,Madrid-Alicante,27.89000
581,2025-01,Total,Comercial,LD AV,Madrid-Barcelona,50.02000
582,2025-01,Total,Comercial,LD AV,Madrid-Málaga,36.78000
583,2025-01,Total,Comercial,LD AV,Madrid-Sevilla,38.16000
584,2025-01,Total,Comercial,LD AV,Madrid-Valencia,22.62000
585,2025-02,Iryo,Comercial,LD AV,Madrid-Alicante,26.27000
586,2025-02,Iryo,Comercial,LD AV,Madrid-Barcelona,39.06000
587,2025-02,Iryo,Comercial,LD AV,Madrid-Málaga,34.00000
588,2025-02,Iryo,Comercial,LD AV,Madrid-Sevilla,35.63000
589,2025-02,Iryo,Comercial,LD AV,Madrid-Valencia,20.69000
590,2025-02,OUIGO,Comercial,LD AV,Madrid-Alicante,20.35000
591,2025-02,OUIGO,Comercial,LD AV,Madrid-Barcelona,35.04000
592,2025-02,OUIGO,Comercial,LD AV,Madrid-Málaga,26.65000
593,2025-02,OUIGO,Comercial,LD AV,Madrid-Sevilla,28.72000
594,2025-02,OUIGO,Comercial,LD AV,Madrid-Valencia,17.48000
595,2025-02,Renfe-AVE,Comercial,LD AV,Madrid-Alicante,32.57000
596,2025-02,Renfe-AVE,Comercial,LD AV,Madrid-Barcelona,62.27000
597,2025-02,Renfe-AVE,Comercial,LD AV,Madrid-Málaga,37.87000
598,2025-02,Renfe-AVE,Comercial,LD AV,Madrid-Sevilla,42.55000
599,2025-02,Renfe-AVE,Comercial,LD AV,Madrid-Valencia,29.86000
600,2025-02,Renfe-AVLO,Comercial,LD AV,Madrid-Alicante,21.78000
601,2025-02,Renfe-AVLO,Comercial,LD AV,Madrid-Barcelona,36.34000
602,2025-02,Renfe-AVLO,Comercial,LD AV,Madrid-Málaga,31.93000
603,2025-02,Renfe-AVLO,Comercial,LD AV,Madrid-Sevilla,31.96000
604,2025-02,Renfe-AVLO,Comercial,LD AV,Madrid-Valencia,16.89000
605,2025-02,Total,Comercial,LD AV,Madrid-Alicante,28.30000
606,2025-02,Total,Comercial,LD AV,Madrid-Barcelona,50.11000
607,2025-02,Total,Comercial,LD AV,Madrid-Málaga,34.83000
608,2025-02,Total,Comercial,LD AV,Madrid-Sevilla,37.58000
609,2025-02,Total,Comercial,LD AV,Madrid-Valencia,23.15000
610,2025-03,Iryo,Comercial,LD AV,Madrid-Alicante,27.71000
611,2025-03,Iryo,Comercial,LD AV,Madrid-Barcelona,41.10000
612,2025-03,Iryo,Comercial,LD AV,Madrid-Málaga,34.98000
613,2025-03,Iryo,Comercial,LD AV,Madrid-Sevilla,35.55000
614,2025-03,Iryo,Comercial,LD AV,Madrid-Valencia,22.53000
615,2025-03,OUIGO,Comercial,LD AV,Madrid-Alicante,21.81000
616,2025-03,OUIGO,Comercial,LD AV,Madrid-Barcelona,38.70000
617,2025-03,OUIGO,Comercial,LD AV,Madrid-Málaga,29.64000
618,2025-03,OUIGO,Comercial,LD AV,Madrid-Sevilla,31.86000
619,2025-03,OUIGO,Comercial,LD AV,Madrid-Valencia,22.45000
620,2025-03,Renfe-AVE,Comercial,LD AV,Madrid-Alicante,34.92000
621,2025-03,Renfe-AVE,Comercial,LD AV,Madrid-Barcelona,61.58000
622,2025-03,Renfe-AVE,Comercial,LD AV,Madrid-Málaga,43.35000
623,2025-03,Renfe-AVE,Comercial,LD AV,Madrid-Sevilla,48.93000
624,2025-03,Renfe-AVE,Comercial,LD AV,Madrid-Valencia,35.19000
625,2025-03,Renfe-AVLO,Comercial,LD AV,Madrid-Alicante,23.92000
626,2025-03,Renfe-AVLO,Comercial,LD AV,Madrid-Barcelona,39.35000
627,2025-03,Renfe-AVLO,Comercial,LD AV,Madrid-Málaga,34.42000
628,2025-03,Renfe-AVLO,Comercial,LD AV,Madrid-Sevilla,36.17000
629,2025-03,Renfe-AVLO,Comercial,LD AV,Madrid-Valencia,22.38000
630,2025-03,Total,Comercial,LD AV,Madrid-Alicante,30.33000
631,2025-03,Total,Comercial,LD AV,Madrid-Barcelona,50.41000
632,2025-03,Total,Comercial,LD AV,Madrid-Málaga,38.69000
633,2025-03,Total,Comercial,LD AV,Madrid-Sevilla,41.99000
634,2025-03,Total,Comercial,LD AV,Madrid-Valencia,27.39000
635,2025-04,Iryo,Comercial,LD AV,Madrid-Alicante,31.63000
636,2025-04,Iryo,Comercial,LD AV,Madrid-Barcelona,55.25000
637,2025-04,Iryo,Comercial,LD AV,Madrid-Málaga,46.49000
638,2025-04,Iryo,Comercial,LD AV,Madrid-Sevilla,48.44000
639,2025-04,Iryo,Comercial,LD AV,Madrid-Valencia,24.54000
640,2025-04,OUIGO,Comercial,LD AV,Madrid-Alicante,30.41000
641,2025-04,OUIGO,Comercial,LD AV,Madrid-Barcelona,51.21000
642,2025-04,OUIGO,Comercial,LD AV,Madrid-Málaga,39.75000
643,2025-04,OUIGO,Comercial,LD AV,Madrid-Sevilla,39.90000
644,2025-04,OUIGO,Comercial,LD AV,Madrid-Valencia,23.93000
645,2025-04,Renfe-AVE,Comercial,LD AV,Madrid-Alicante,42.08000
646,2025-04,Renfe-AVE,Comercial,LD AV,Madrid-Barcelona,72.55000
647,2025-04,Renfe-AVE,Comercial,LD AV,Madrid-Málaga,54.63000
648,2025-04,Renfe-AVE,Comercial,LD AV,Madrid-Sevilla,56.71000
649,2025-04,Renfe-AVE,Comercial,LD AV,Madrid-Valencia,36.71000
650,2025-04,Renfe-AVLO,Comercial,LD AV,Madrid-Alicante,30.47000
651,2025-04,Renfe-AVLO,Comercial,LD AV,Madrid-Barcelona,51.12000
652,2025-04,Renfe-AVLO,Comercial,LD AV,Madrid-Málaga,43.01000
653,2025-04,Renfe-AVLO,Comercial,LD AV,Madrid-Sevilla,43.66000
654,2025-04,Renfe-AVLO,Comercial,LD AV,Madrid-Valencia,24.52000
655,2025-04,Total,Comercial,LD AV,Madrid-Alicante,37.78000
656,2025-04,Total,Comercial,LD AV,Madrid-Barcelona,62.16000
657,2025-04,Total,Comercial,LD AV,Madrid-Málaga,49.37000
658,2025-04,Total,Comercial,LD AV,Madrid-Sevilla,50.95000
659,2025-04,Total,Comercial,LD AV,Madrid-Valencia,29.11000
660,2025-05,Iryo,Comercial,LD AV,Madrid-Alicante,29.16000
661,2025-05,Iryo,Comercial,LD AV,Madrid-Barcelona,54.08000
662,2025-05,Iryo,Comercial,LD AV,Madrid-Málaga,41.16000
663,2025-05,Iryo,Comercial,LD AV,Madrid-Sevilla,51.93000
664,2025-05,Iryo,Comercial,LD AV,Madrid-Valencia,23.17000
665,2025-05,OUIGO,Comercial,LD AV,Madrid-Alicante,26.30000
666,2025-05,OUIGO,Comercial,LD AV,Madrid-Barcelona,47.76000
667,2025-05,OUIGO,Comercial,LD AV,Madrid-Málaga,38.26000
668,2025-05,OUIGO,Comercial,LD AV,Madrid-Sevilla,44.81000
669,2025-05,OUIGO,Comercial,LD AV,Madrid-Valencia,22.76000
670,2025-05,Renfe-AVE,Comercial,LD AV,Madrid-Alicante,40.37000
671,2025-05,Renfe-AVE,Comercial,LD AV,Madrid-Barcelona,73.51000
672,2025-05,Renfe-AVE,Comercial,LD AV,Madrid-Málaga,53.45000
673,2025-05,Renfe-AVE,Comercial,LD AV,Madrid-Sevilla,62.42000
674,2025-05,Renfe-AVE,Comercial,LD AV,Madrid-Valencia,35.56000
675,2025-05,Renfe-AVLO,Comercial,LD AV,Madrid-Alicante,27.46000
676,2025-05,Renfe-AVLO,Comercial,LD AV,Madrid-Barcelona,50.62000
677,2025-05,Renfe-AVLO,Comercial,LD AV,Madrid-Málaga,41.96000
678,2025-05,Renfe-AVLO,Comercial,LD AV,Madrid-Sevilla,48.18000
679,2025-05,Renfe-AVLO,Comercial,LD AV,Madrid-Valencia,23.87000
680,2025-05,Total,Comercial,LD AV,Madrid-Alicante,35.22000
681,2025-05,Total,Comercial,LD AV,Madrid-Barcelona,61.91000
682,2025-05,Total,Comercial,LD AV,Madrid-Málaga,47.20000
683,2025-05,Total,Comercial,LD AV,Madrid-Sevilla,55.70000
684,2025-05,Total,Comercial,LD AV,Madrid-Valencia,27.94000
685,2025-06,Iryo,Comercial,LD AV,Madrid-Alicante,26.01000
686,2025-06,Iryo,Comercial,LD AV,Madrid-Barcelona,58.77000
687,2025-06,Iryo,Comercial,LD AV,Madrid-Málaga,40.57000
688,2025-06,Iryo,Comercial,LD AV,Madrid-Sevilla,37.23000
689,2025-06,Iryo,Comercial,LD AV,Madrid-Valencia,25.48000
690,2025-06,OUIGO,Comercial,LD AV,Madrid-Alicante,29.26000
691,2025-06,OUIGO,Comercial,LD AV,Madrid-Barcelona,51.45000
692,2025-06,OUIGO,Comercial,LD AV,Madrid-Málaga,32.38000
693,2025-06,OUIGO,Comercial,LD AV,Madrid-Sevilla,28.68000
694,2025-06,OUIGO,Comercial,LD AV,Madrid-Valencia,24.39000
695,2025-06,Renfe-AVE,Comercial,LD AV,Madrid-Alicante,40.79000
696,2025-06,Renfe-AVE,Comercial,LD AV,Madrid-Barcelona,75.69000
697,2025-06,Renfe-AVE,Comercial,LD AV,Madrid-Málaga,51.70000
698,2025-06,Renfe-AVE,Comercial,LD AV,Madrid-Sevilla,48.40000
699,2025-06,Renfe-AVE,Comercial,LD AV,Madrid-Valencia,35.63000
700,2025-06,Renfe-AVLO,Comercial,LD AV,Madrid-Alicante,30.56000
701,2025-06,Renfe-AVLO,Comercial,LD AV,Madrid-Barcelona,54.15000
702,2025-06,Renfe-AVLO,Comercial,LD AV,Madrid-Málaga,39.47000
703,2025-06,Renfe-AVLO,Comercial,LD AV,Madrid-Sevilla,35.30000
704,2025-06,Renfe-AVLO,Comercial,LD AV,Madrid-Valencia,23.84000
705,2025-06,Total,Comercial,LD AV,Madrid-Alicante,35.99000
706,2025-06,Total,Comercial,LD AV,Madrid-Barcelona,65.39000
707,2025-06,Total,Comercial,LD AV,Madrid-Málaga,45.26000
708,2025-06,Total,Comercial,LD AV,Madrid-Sevilla,41.56000
709,2025-06,Total,Comercial,LD AV,Madrid-Valencia,28.89000
710,2025-07,Iryo,Comercial,LD AV,Madrid-Alicante,29.44000
711,2025-07,Iryo,Comercial,LD AV,Madrid-Barcelona,56.48000
712,2025-07,Iryo,Comercial,LD AV,Madrid-Málaga,36.51000
713,2025-07,Iryo,Comercial,LD AV,Madrid-Sevilla,35.19000
714,2025-07,Iryo,Comercial,LD AV,Madrid-Valencia,29.16000
715,2025-07,OUIGO,Comercial,LD AV,Madrid-Alicante,31.60000
716,2025-07,OUIGO,Comercial,LD AV,Madrid-Barcelona,49.63000
717,2025-07,OUIGO,Comercial,LD AV,Madrid-Málaga,30.69000
718,2025-07,OUIGO,Comercial,LD AV,Madrid-Sevilla,27.44000
719,2025-07,OUIGO,Comercial,LD AV,Madrid-Valencia,24.72000
720,2025-07,Renfe-AVE,Comercial,LD AV,Madrid-Alicante,41.45000
721,2025-07,Renfe-AVE,Comercial,LD AV,Madrid-Barcelona,69.36000
722,2025-07,Renfe-AVE,Comercial,LD AV,Madrid-Málaga,44.33000
723,2025-07,Renfe-AVE,Comercial,LD AV,Madrid-Sevilla,41.81000
724,2025-07,Renfe-AVE,Comercial,LD AV,Madrid-Valencia,36.59000
725,2025-07,Renfe-AVLO,Comercial,LD AV,Madrid-Alicante,32.93000
726,2025-07,Renfe-AVLO,Comercial,LD AV,Madrid-Barcelona,49.63000
727,2025-07,Renfe-AVLO,Comercial,LD AV,Madrid-Málaga,35.40000
728,2025-07,Renfe-AVLO,Comercial,LD AV,Madrid-Sevilla,32.00000
729,2025-07,Renfe-AVLO,Comercial,LD AV,Madrid-Valencia,24.33000
730,2025-07,Total,Comercial,LD AV,Madrid-Alicante,37.49000
731,2025-07,Total,Comercial,LD AV,Madrid-Barcelona,60.87000
732,2025-07,Total,Comercial,LD AV,Madrid-Málaga,39.06000
733,2025-07,Total,Comercial,LD AV,Madrid-Sevilla,36.97000
734,2025-07,Total,Comercial,LD AV,Madrid-Valencia,30.44000
735,2025-08,Iryo,Comercial,LD AV,Madrid-Alicante,37.30000
736,2025-08,Iryo,Comercial,LD AV,Madrid-Barcelona,61.19000
737,2025-08,Iryo,Comercial,LD AV,Madrid-Málaga,45.22000
738,2025-08,Iryo,Comercial,LD AV,Madrid-Sevilla,39.92000
739,2025-08,Iryo,Comercial,LD AV,Madrid-Valencia,33.72000
740,2025-08,OUIGO,Comercial,LD AV,Madrid-Alicante,35.36000
741,2025-08,OUIGO,Comercial,LD AV,Madrid-Barcelona,53.77000
742,2025-08,OUIGO,Comercial,LD AV,Madrid-Málaga,34.70000
743,2025-08,OUIGO,Comercial,LD AV,Madrid-Sevilla,27.13000
744,2025-08,OUIGO,Comercial,LD AV,Madrid-Valencia,24.39000
745,2025-08,Renfe-AVE,Comercial,LD AV,Madrid-Alicante,44.85000
746,2025-08,Renfe-AVE,Comercial,LD AV,Madrid-Barcelona,67.42000
747,2025-08,Renfe-AVE,Comercial,LD AV,Madrid-Málaga,47.54000
748,2025-08,Renfe-AVE,Comercial,LD AV,Madrid-Sevilla,42.71000
749,2025-08,Renfe-AVE,Comercial,LD AV,Madrid-Valencia,37.17000
750,2025-08,Renfe-AVLO,Comercial,LD AV,Madrid-Alicante,38.05000
751,2025-08,Renfe-AVLO,Comercial,LD AV,Madrid-Barcelona,56.43000
752,2025-08,Renfe-AVLO,Comercial,LD AV,Madrid-Málaga,36.15000
753,2025-08,Renfe-AVLO,Comercial,LD AV,Madrid-Sevilla,33.30000
754,2025-08,Renfe-AVLO,Comercial,LD AV,Madrid-Valencia,25.51000
755,2025-08,Total,Comercial,LD AV,Madrid-Alicante,41.42000
756,2025-08,Total,Comercial,LD AV,Madrid-Barcelona,61.94000
757,2025-08,Total,Comercial,LD AV,Madrid-Málaga,43.72000
758,2025-08,Total,Comercial,LD AV,Madrid-Sevilla,38.47000
759,2025-08,Total,Comercial,LD AV,Madrid-Valencia,32.08000
760,2025-09,Iryo,Comercial,LD AV,Madrid-Alicante,34.71000
761,2025-09,Iryo,Comercial,LD AV,Madrid-Barcelona,74.13000
762,2025-09,Iryo,Comercial,LD AV,Madrid-Málaga,46.03000
763,2025-09,Iryo,Comercial,LD AV,Madrid-Sevilla,45.26000
764,2025-09,Iryo,Comercial,LD AV,Madrid-Valencia,30.36000
765,2025-09,OUIGO,Comercial,LD AV,Madrid-Alicante,25.01000
766,2025-09,OUIGO,Comercial,LD AV,Madrid-Barcelona,52.20000
767,2025-09,OUIGO,Comercial,LD AV,Madrid-Málaga,32.22000
768,2025-09,OUIGO,Comercial,LD AV,Madrid-Sevilla,32.44000
769,2025-09,OUIGO,Comercial,LD AV,Madrid-Valencia,21.47000
770,2025-09,Renfe-AVE,Comercial,LD AV,Madrid-Alicante,39.31000
771,2025-09,Renfe-AVE,Comercial,LD AV,Madrid-Barcelona,75.11000
772,2025-09,Renfe-AVE,Comercial,LD AV,Madrid-Málaga,46.57000
773,2025-09,Renfe-AVE,Comercial,LD AV,Madrid-Sevilla,50.42000
774,2025-09,Renfe-AVE,Comercial,LD AV,Madrid-Valencia,34.62000
775,2025-09,Renfe-AVLO,Comercial,LD AV,Madrid-Alicante,29.50000
776,2025-09,Renfe-AVLO,Comercial,LD AV,Madrid-Barcelona,47.88000
777,2025-09,Renfe-AVLO,Comercial,LD AV,Madrid-Málaga,38.30000
778,2025-09,Renfe-AVLO,Comercial,LD AV,Madrid-Sevilla,36.71000
779,2025-09,Renfe-AVLO,Comercial,LD AV,Madrid-Valencia,22.37000
780,2025-09,Total,Comercial,LD AV,Madrid-Alicante,34.87000
781,2025-09,Total,Comercial,LD AV,Madrid-Barcelona,70.49000
782,2025-09,Total,Comercial,LD AV,Madrid-Málaga,43.30000
783,2025-09,Total,Comercial,LD AV,Madrid-Sevilla,44.82000
784,2025-09,Total,Comercial,LD AV,Madrid-Valencia,29.12000
